date,market,code,name,close,high,low,open,volume
2026-04-24,TWSE,0050,元大台灣50,89.95,89.95,87.55,87.6,129885911.0
2026-04-24,TWSE,0051,元大中型100,123.5,125.45,123.15,125.3,113690.0
2026-04-24,TWSE,0052,富邦科技,52.7,52.7,51.15,51.15,71251696.0
2026-04-24,TWSE,0053,元大電子,206.6,206.6,202.15,204.75,34657.0
2026-04-24,TWSE,0055,元大MSCI金融,33.15,33.26,33.04,33.26,122574.0
2026-04-24,TWSE,0056,元大高股息,40.95,41.04,40.64,40.74,67087826.0
2026-04-24,TWSE,0057,富邦摩台,268.75,268.75,264.5,264.5,7509.0
2026-04-24,TWSE,0061,元大寶滬深,24.14,24.3,24.14,24.3,319085.0
2026-04-24,TWSE,006203,元大MSCI台灣,163.8,163.8,160.5,160.5,10490.0
2026-04-24,TWSE,006204,永豐臺灣加權,193.4,193.4,193.2,193.2,43987.0
2026-04-24,TWSE,006205,富邦上証,40.02,40.32,39.94,40.26,427638.0
2026-04-24,TWSE,006206,元大上證50,36.62,36.75,36.45,36.62,137616.0
2026-04-24,TWSE,006207,復華滬深,32.39,32.45,32.34,32.34,112048.0
2026-04-24,TWSE,006208,富邦台50,208.95,208.95,202.9,203.0,7788780.0
2026-04-24,TWSE,00636,國泰中國A50,28.09,28.31,28.02,28.24,647625.0
2026-04-24,TWSE,00639,富邦深100,16.92,17.23,16.86,17.19,774290.0
2026-04-24,TWSE,00643,群益深証中小,19.18,19.38,19.1,19.37,2444519.0
2026-04-24,TWSE,00645,富邦日本,52.3,52.35,52.15,52.25,413897.0
2026-04-24,TWSE,00646,元大S&P500,70.35,70.6,70.3,70.5,2440330.0
2026-04-24,TWSE,00652,富邦印度,33.02,33.51,33.02,33.41,251565.0
2026-04-24,TWSE,00657,國泰日經225,69.75,69.75,69.4,69.6,119347.0
2026-04-24,TWSE,00660,元大歐洲50,42.5,42.74,42.5,42.74,13751.0
2026-04-24,TWSE,00661,元大日經225,76.8,76.95,76.4,76.4,149269.0
2026-04-24,TWSE,00662,富邦NASDAQ,109.1,109.45,108.9,109.35,2133557.0
2026-04-24,TWSE,00668,國泰美國道瓊,56.55,56.6,56.55,56.6,109348.0
2026-04-24,TWSE,00678,群益那斯達克生技,35.97,36.14,35.95,36.13,301226.0
2026-04-24,TWSE,00690,兆豐藍籌30,66.05,66.05,63.8,63.8,625412.0
2026-04-24,TWSE,00692,富邦公司治理,78.9,78.9,76.85,76.85,2441126.0
2026-04-24,TWSE,00700,富邦恒生國企,17.56,17.6,17.4,17.59,197605.0
2026-04-24,TWSE,00701,國泰股利精選30,30.01,30.11,29.86,30.01,802598.0
2026-04-24,TWSE,00702,國泰標普低波高息,23.69,23.73,23.68,23.7,121187.0
2026-04-24,TWSE,00703,台新MSCI中國,20.41,20.41,20.2,20.24,263283.0
2026-04-24,TWSE,00709,富邦歐洲,38.02,38.02,37.76,37.88,258606.0
2026-04-24,TWSE,00712,復華富時不動產,9.01,9.04,9.0,9.03,14919003.0
2026-04-24,TWSE,00713,元大台灣高息低波,53.45,53.65,53.05,53.45,10986596.0
2026-04-24,TWSE,00714,群益道瓊美國地產,21.4,21.48,21.4,21.46,60285.0
2026-04-24,TWSE,00717,富邦美國特別股,15.07,15.08,15.02,15.02,287955.0
2026-04-24,TWSE,00728,第一金工業30,53.0,53.2,52.5,52.8,135067.0
2026-04-24,TWSE,00730,富邦臺灣優質高息,25.78,26.0,25.49,25.65,374239.0
2026-04-24,TWSE,00731,復華富時高息低波,72.6,72.85,72.35,72.6,460415.0
2026-04-24,TWSE,00733,富邦臺灣中小,61.15,62.9,60.55,62.25,1357073.0
2026-04-24,TWSE,00735,國泰臺韓科技,81.7,82.4,80.9,81.25,4275366.0
2026-04-24,TWSE,00736,國泰新興市場,29.62,29.64,29.47,29.6,111247.0
2026-04-24,TWSE,00737,國泰AI機器人,34.67,34.7,34.58,34.6,115329.0
2026-04-24,TWSE,00739,元大MSCI A股,27.83,28.08,27.77,27.98,11740.0
2026-04-24,TWSE,00752,中信中國50,24.17,24.26,23.99,24.26,1893412.0
2026-04-24,TWSE,00757,統一FANG+,118.6,119.45,118.5,119.45,2130012.0
2026-04-24,TWSE,00762,元大全球AI,97.4,97.5,96.45,96.45,850621.0
2026-04-24,TWSE,00770,國泰北美科技,58.1,58.15,58.0,58.05,891540.0
2026-04-24,TWSE,00771,元大US高息特別股,16.0,16.05,16.0,16.0,23653.0
2026-04-24,TWSE,00783,富邦中証500,28.53,28.87,28.51,28.87,80602.0
2026-04-24,TWSE,00830,國泰費城半導體,71.55,71.8,71.35,71.65,13479433.0
2026-04-24,TWSE,00850,元大臺灣ESG永續,75.25,75.25,73.75,73.75,776631.0
2026-04-24,TWSE,00851,台新全球AI,60.5,60.5,60.2,60.35,39969.0
2026-04-24,TWSE,00861,元大全球未來通訊,75.25,75.35,74.9,74.9,126981.0
2026-04-24,TWSE,00875,國泰網路資安,39.62,40.1,39.62,40.1,182365.0
2026-04-24,TWSE,00876,元大全球5G,74.4,74.45,73.9,74.05,234933.0
2026-04-24,TWSE,00878,國泰永續高股息,25.0,25.02,24.69,24.91,83418253.0
2026-04-24,TWSE,00881,國泰台灣科技龍頭,45.9,45.9,44.9,44.95,20610778.0
2026-04-24,TWSE,00882,中信中國高股息,15.74,15.79,15.71,15.74,6352283.0
2026-04-24,TWSE,00885,富邦越南,18.71,18.96,18.71,18.95,5084912.0
2026-04-24,TWSE,00891,中信關鍵半導體,30.73,30.9,30.28,30.3,22095258.0
2026-04-24,TWSE,00892,富邦台灣半導體,38.05,38.76,37.76,38.17,7739545.0
2026-04-24,TWSE,00893,國泰智能電動車,39.71,39.83,39.49,39.49,2122683.0
2026-04-24,TWSE,00894,中信小資高價30,43.58,44.29,42.8,42.99,3641626.0
2026-04-24,TWSE,00895,富邦未來車,45.22,45.28,44.8,44.8,652032.0
2026-04-24,TWSE,00896,中信綠能及電動車,24.43,24.51,24.07,24.3,2796882.0
2026-04-24,TWSE,00897,富邦基因免疫生技,10.01,10.05,10.0,10.01,550075.0
2026-04-24,TWSE,00898,國泰基因免疫革命,8.19,8.2,8.15,8.15,436411.0
2026-04-24,TWSE,00899,FT潔淨能源,25.31,25.31,25.16,25.22,247943.0
2026-04-24,TWSE,00900,富邦特選高股息30,15.26,15.27,15.07,15.16,16745686.0
2026-04-24,TWSE,00901,永豐智能車供應鏈,37.07,37.07,36.5,36.5,314439.0
2026-04-24,TWSE,00902,中信電池及儲能,16.32,16.32,16.16,16.2,3001574.0
2026-04-24,TWSE,00903,富邦元宇宙,17.92,18.0,17.9,17.96,444100.0
2026-04-24,TWSE,00904,新光臺灣半導體30,34.59,34.62,33.9,33.94,6246072.0
2026-04-24,TWSE,00905,FT臺灣Smart,22.73,22.73,22.3,22.37,2352741.0
2026-04-24,TWSE,00907,永豐優息存股,14.45,14.54,14.39,14.5,3119547.0
2026-04-24,TWSE,00908,富邦入息REITs+,13.98,14.01,13.98,14.0,167171.0
2026-04-24,TWSE,00909,國泰數位支付服務,42.99,43.42,42.72,43.15,10269928.0
2026-04-24,TWSE,00910,第一金太空衛星,67.5,68.0,67.1,67.95,6447951.0
2026-04-24,TWSE,00911,兆豐洲際半導體,47.27,47.27,46.57,46.58,336471.0
2026-04-24,TWSE,00912,中信臺灣智慧50,28.37,28.37,27.6,27.6,1587224.0
2026-04-24,TWSE,00913,兆豐台灣晶圓製造,38.01,38.76,37.88,38.01,1175514.0
2026-04-24,TWSE,00915,凱基優選高股息30,24.8,24.83,24.56,24.72,8979788.0
2026-04-24,TWSE,00916,國泰全球品牌50,26.72,26.85,26.69,26.8,210373.0
2026-04-24,TWSE,00917,中信特選金融,21.75,21.93,21.72,21.93,800289.0
2026-04-24,TWSE,00918,大華優利高填息30,23.36,23.5,23.16,23.42,24307130.0
2026-04-24,TWSE,00919,群益台灣精選高息,23.5,23.66,23.36,23.61,98325664.0
2026-04-24,TWSE,00920,富邦ESG綠色電力,25.89,25.96,25.32,25.32,448059.0
2026-04-24,TWSE,00921,兆豐龍頭等權重,20.15,20.16,19.94,20.11,540237.0
2026-04-24,TWSE,00922,國泰台灣領袖50,33.67,33.67,32.89,32.89,21540903.0
2026-04-24,TWSE,00923,群益台ESG低碳50,34.99,35.0,34.22,34.22,6989155.0
2026-04-24,TWSE,00924,復華S&P500成長,30.06,30.14,30.02,30.13,2846142.0
2026-04-24,TWSE,00926,凱基全球菁英55,23.98,24.1,23.96,24.07,756122.0
2026-04-24,TWSE,00927,群益半導體收益,29.19,29.29,28.6,28.84,29880328.0
2026-04-24,TWSE,00929,復華台灣科技優息,22.2,22.42,21.87,22.3,69495534.0
2026-04-24,TWSE,00930,永豐ESG低碳高息,19.26,19.41,19.06,19.25,3619565.0
2026-04-24,TWSE,00932,兆豐永續高息等權,15.72,15.83,15.55,15.78,748415.0
2026-04-24,TWSE,00934,中信成長高股息,23.38,23.5,23.1,23.2,3770774.0
2026-04-24,TWSE,00935,野村臺灣新科技50,48.83,48.9,47.71,47.95,14321077.0
2026-04-24,TWSE,00936,台新永續高息中小,18.84,18.89,18.64,18.73,5934392.0
2026-04-24,TWSE,00938,凱基優選30,20.25,20.25,19.98,20.03,1904937.0
2026-04-24,TWSE,00939,統一台灣高息動能,16.74,16.82,16.56,16.7,10161764.0
2026-04-24,TWSE,00940,元大台灣價值高息,10.32,10.4,10.22,10.33,73468602.0
2026-04-24,TWSE,00941,中信上游半導體,24.07,24.13,24.0,24.08,3903409.0
2026-04-24,TWSE,00943,兆豐電子高息等權,17.15,17.3,16.93,17.24,207256.0
2026-04-24,TWSE,00944,野村趨勢動能高息,17.21,17.27,16.93,17.18,1409292.0
2026-04-24,TWSE,00946,群益科技高息成長,11.58,11.7,11.42,11.61,7633907.0
2026-04-24,TWSE,00947,台新臺灣IC設計,29.82,30.15,29.1,29.23,9161887.0
2026-04-24,TWSE,00949,復華日本龍頭,19.25,19.36,19.21,19.36,1024581.0
2026-04-24,TWSE,00951,台新日本半導體,15.54,15.57,15.4,15.4,3054260.0
2026-04-24,TWSE,00952,凱基台灣AI50,16.13,16.32,15.82,16.14,7264206.0
2026-04-24,TWSE,00954,中信日本半導體,16.57,16.6,16.4,16.4,3117229.0
2026-04-24,TWSE,00956,中信日經高股息,11.83,11.84,11.79,11.81,296098.0
2026-04-24,TWSE,00960,野村全球航運龍頭,16.94,16.97,16.89,16.93,812629.0
2026-04-24,TWSE,00961,FT臺灣永續高息,10.31,10.31,10.18,10.28,2266782.0
2026-04-24,TWSE,00962,台新AI優息動能,12.34,12.42,12.17,12.3,713726.0
2026-04-24,TWSE,00963,中信全球高股息,12.72,12.77,12.72,12.77,929320.0
2026-04-24,TWSE,00964,中信亞太高股息,13.81,13.89,13.75,13.82,1676644.0
2026-04-24,TWSE,00965,元大航太防衛科技,25.84,25.88,25.66,25.85,24803055.0
2026-04-24,TWSE,00971,野村美國研發龍頭,16.08,16.08,16.01,16.01,1765698.0
2026-04-24,TWSE,00972,野村日本動能高息,18.49,18.5,18.43,18.48,196273.0
2026-04-24,TWSE,009800,中信NASDAQ,11.77,11.83,11.76,11.8,2210146.0
2026-04-24,TWSE,009801,中信美國創新科技,11.38,11.45,11.36,11.43,810603.0
2026-04-24,TWSE,009802,富邦旗艦50,15.48,15.5,15.1,15.12,7918840.0
2026-04-24,TWSE,009803,玉山市值動能50,18.98,18.98,18.5,18.5,1751646.0
2026-04-24,TWSE,009804,聯邦台精彩50,19.1,19.1,18.72,18.72,5163209.0
2026-04-24,TWSE,009805,新光美國電力基建,16.78,16.82,16.64,16.64,11446915.0
2026-04-24,TWSE,009808,華南永昌優選50,26.3,26.3,25.71,26.0,1114456.0
2026-04-24,TWSE,009809,富邦淨零ESG50,14.32,14.33,14.15,14.2,2934721.0
2026-04-24,TWSE,009810,玉山全球藍籌100,19.41,19.5,19.4,19.5,77973.0
2026-04-24,TWSE,009811,統一美國50,12.0,12.05,11.98,12.01,3894433.0
2026-04-24,TWSE,009812,野村日本東證,11.5,11.52,11.47,11.51,786090.0
2026-04-24,TWSE,009813,貝萊德標普卓越50,10.67,10.7,10.65,10.69,7339195.0
2026-04-24,TWSE,009816,凱基台灣TOP50,12.87,12.87,12.54,12.55,206192629.0
2026-04-24,TWSE,009817,國泰日本不動產,9.29,9.3,9.27,9.3,3241902.0
2026-04-24,TWSE,009818,華南永昌NASDAQxT,17.02,17.24,16.99,17.24,874038.0
2026-04-24,TWSE,009819,中信數據及電力,10.89,11.33,10.16,10.3,170265430.0
2026-04-24,TWSE,009820,元大納斯達克精選,9.91,10.01,9.81,10.0,87435211.0
2026-04-24,TWSE,020012,富邦行動通訊N,20.03,20.03,20.03,20.03,1000.0
2026-04-24,TWSE,020020,元大台股領航N,21.81,21.81,21.7,21.8,66000.0
2026-04-24,TWSE,020028,元大特選電動車N,17.44,17.58,17.33,17.58,22000.0
2026-04-24,TWSE,020029,元大ESG高股息N,11.9,11.98,11.86,11.98,95000.0
2026-04-24,TWSE,020030,統一智慧電動車N,15.65,15.65,15.6,15.64,50000.0
2026-04-24,TWSE,020031,統一IC設計臺灣N,8.52,8.68,8.48,8.54,166000.0
2026-04-24,TWSE,020034,元大IC設計N,11.61,11.8,11.58,11.68,15000.0
2026-04-24,TWSE,020038,元大ESG配息N,9.2,9.24,9.16,9.24,27000.0
2026-04-24,TWSE,020039,元大加權N,12.33,12.33,12.17,12.18,118000.0
2026-04-24,TWSE,1101,台泥,24.45,24.6,24.3,24.6,28226546.0
2026-04-24,TWSE,1102,亞泥,35.9,36.15,35.55,36.1,6684786.0
2026-04-24,TWSE,1103,嘉泥,13.55,13.7,13.5,13.7,106740.0
2026-04-24,TWSE,1104,環泥,28.6,29.2,28.6,29.2,1151131.0
2026-04-24,TWSE,1108,幸福,14.55,14.75,14.55,14.65,140185.0
2026-04-24,TWSE,1109,信大,15.4,15.4,15.3,15.3,143791.0
2026-04-24,TWSE,1110,東泥,14.95,15.0,14.65,14.8,303335.0
2026-04-24,TWSE,1201,味全,12.9,13.05,12.85,13.0,569478.0
2026-04-24,TWSE,1203,味王,44.1,44.25,43.4,44.25,14069.0
2026-04-24,TWSE,1210,大成,53.1,53.6,53.1,53.6,2082441.0
2026-04-24,TWSE,1213,大飲,9.03,9.25,9.0,9.25,23000.0
2026-04-24,TWSE,1215,卜蜂,140.0,141.5,139.5,141.0,1171758.0
2026-04-24,TWSE,1216,統一,71.5,72.2,71.5,72.0,11246243.0
2026-04-24,TWSE,1217,愛之味,10.05,10.25,10.05,10.1,1069297.0
2026-04-24,TWSE,1218,泰山,18.8,18.8,18.65,18.75,461758.0
2026-04-24,TWSE,1219,福壽,13.6,13.65,13.5,13.65,329111.0
2026-04-24,TWSE,1220,台榮,12.45,12.55,12.45,12.45,57393.0
2026-04-24,TWSE,1225,福懋油,31.5,31.65,31.2,31.25,133516.0
2026-04-24,TWSE,1227,佳格,29.2,29.55,29.0,29.4,976520.0
2026-04-24,TWSE,1229,聯華,42.5,43.1,42.35,43.05,4230131.0
2026-04-24,TWSE,1231,聯華食,86.9,88.4,86.6,88.4,487718.0
2026-04-24,TWSE,1232,大統益,149.0,150.0,148.5,149.5,80005.0
2026-04-24,TWSE,1233,天仁,28.6,28.6,28.3,28.4,19207.0
2026-04-24,TWSE,1234,黑松,35.45,35.7,35.45,35.7,119578.0
2026-04-24,TWSE,1235,興泰,44.9,46.0,44.9,46.0,5076.0
2026-04-24,TWSE,1236,宏亞,25.55,25.55,25.25,25.5,31153.0
2026-04-24,TWSE,1256,鮮活果汁-KY,158.0,161.0,157.0,161.0,24717.0
2026-04-24,TWSE,1301,台塑,50.2,51.3,49.2,51.0,26002768.0
2026-04-24,TWSE,1303,南亞,85.9,88.3,83.2,85.8,55039883.0
2026-04-24,TWSE,1304,台聚,14.4,14.95,14.3,14.75,14575933.0
2026-04-24,TWSE,1305,華夏,14.75,15.4,14.7,15.2,8825118.0
2026-04-24,TWSE,1307,三芳,31.7,31.85,31.1,31.7,838321.0
2026-04-24,TWSE,1308,亞聚,15.4,16.05,15.3,15.75,5160982.0
2026-04-24,TWSE,1309,台達化,20.5,22.0,19.7,21.0,38801076.0
2026-04-24,TWSE,1310,台苯,9.77,10.1,9.75,9.95,5380812.0
2026-04-24,TWSE,1312,國喬,12.7,13.05,12.7,12.95,6482290.0
2026-04-24,TWSE,1313,聯成,11.55,11.9,11.45,11.9,3352562.0
2026-04-24,TWSE,1314,中石化,7.42,7.64,7.41,7.6,17163761.0
2026-04-24,TWSE,1315,達新,62.6,63.3,62.3,63.3,104474.0
2026-04-24,TWSE,1316,上曜,11.1,11.5,11.05,11.5,2897963.0
2026-04-24,TWSE,1319,東陽,75.2,77.0,75.0,76.4,1471795.0
2026-04-24,TWSE,1321,大洋,31.4,31.85,31.3,31.75,281458.0
2026-04-24,TWSE,1323,永裕,22.25,22.7,21.1,22.15,1234183.0
2026-04-24,TWSE,1324,地球,10.75,11.1,10.7,11.1,139348.0
2026-04-24,TWSE,1325,恆大,25.85,26.4,25.5,26.4,481446.0
2026-04-24,TWSE,1326,台化,49.35,50.3,48.15,49.5,18958977.0
2026-04-24,TWSE,1337,再生-KY,5.1,5.23,5.1,5.23,636237.0
2026-04-24,TWSE,1338,廣華-KY,16.6,17.25,16.55,17.25,69592.0
2026-04-24,TWSE,1339,昭輝,42.7,44.0,42.2,44.0,149498.0
2026-04-24,TWSE,1340,勝悅-KY,5.92,6.05,5.85,6.01,377399.0
2026-04-24,TWSE,1341,富林-KY,61.0,61.0,59.6,59.6,3001.0
2026-04-24,TWSE,1342,八貫,96.3,103.0,96.1,102.5,1834251.0
2026-04-24,TWSE,1402,遠東新,26.15,26.15,25.9,26.0,11164851.0
2026-04-24,TWSE,1409,新纖,16.7,16.95,16.55,16.95,6961727.0
2026-04-24,TWSE,1410,南染,30.5,32.05,30.15,32.0,129887.0
2026-04-24,TWSE,1413,宏洲,9.75,9.78,9.6,9.68,21483.0
2026-04-24,TWSE,1414,東和,16.5,16.5,15.7,16.15,380814.0
2026-04-24,TWSE,1416,廣豐,11.45,11.5,11.4,11.45,184648.0
2026-04-24,TWSE,1417,嘉裕,8.9,8.97,8.85,8.9,54204.0
2026-04-24,TWSE,1418,東華,18.2,18.2,17.85,18.0,9466.0
2026-04-24,TWSE,1419,新紡,62.2,63.1,62.0,63.1,74256.0
2026-04-24,TWSE,1423,利華,41.8,41.95,41.5,41.95,16860.0
2026-04-24,TWSE,1432,大魯閣,16.75,16.85,16.65,16.65,272538.0
2026-04-24,TWSE,1434,福懋,15.75,16.25,15.75,16.05,2364732.0
2026-04-24,TWSE,1435,中福,14.2,14.2,14.2,14.2,2016.0
2026-04-24,TWSE,1436,華友聯,50.8,51.0,50.3,51.0,177497.0
2026-04-24,TWSE,1437,勤益控,30.15,30.2,30.0,30.2,52344.0
2026-04-24,TWSE,1438,三地開發,26.95,27.6,26.65,27.6,31330.0
2026-04-24,TWSE,1439,雋揚,26.5,26.8,26.15,26.8,16000.0
2026-04-24,TWSE,1440,南紡,12.75,12.95,12.65,12.9,1477586.0
2026-04-24,TWSE,1441,大東,12.6,13.9,12.6,13.9,318616.0
2026-04-24,TWSE,1442,名軒,28.8,29.0,28.0,28.7,1436252.0
2026-04-24,TWSE,1443,立益物流,21.9,22.35,21.8,22.35,28214.0
2026-04-24,TWSE,1444,力麗,6.23,6.35,6.21,6.32,597355.0
2026-04-24,TWSE,1445,大宇,13.05,13.05,12.9,12.9,7081.0
2026-04-24,TWSE,1446,宏和,16.0,16.6,15.7,16.3,331085.0
2026-04-24,TWSE,1447,力鵬,5.02,5.1,4.99,5.1,1669261.0
2026-04-24,TWSE,1449,佳和,13.6,14.4,13.45,14.25,2413885.0
2026-04-24,TWSE,1451,年興,16.9,17.0,16.8,17.0,121529.0
2026-04-24,TWSE,1452,宏益,11.55,11.8,11.55,11.65,84309.0
2026-04-24,TWSE,1453,大將,12.1,12.1,11.9,12.05,82678.0
2026-04-24,TWSE,1454,台富,13.8,13.8,12.8,13.0,323721.0
2026-04-24,TWSE,1455,集盛,8.48,8.79,8.46,8.74,851804.0
2026-04-24,TWSE,1456,怡華,13.8,14.0,13.7,14.0,73332.0
2026-04-24,TWSE,1457,宜進,14.65,14.8,14.55,14.8,130365.0
2026-04-24,TWSE,1459,聯發,11.65,11.75,11.65,11.75,114174.0
2026-04-24,TWSE,1460,宏遠,6.88,6.88,6.73,6.73,789042.0
2026-04-24,TWSE,1463,強盛新,17.95,18.0,16.55,17.95,1080016.0
2026-04-24,TWSE,1464,得力,10.2,10.25,10.15,10.25,342082.0
2026-04-24,TWSE,1465,偉全,12.45,12.55,12.3,12.5,81366.0
2026-04-24,TWSE,1466,聚隆,17.0,17.1,16.65,17.1,289425.0
2026-04-24,TWSE,1467,南緯,7.56,8.0,7.4,8.0,1304760.0
2026-04-24,TWSE,1468,昶和,12.25,12.4,12.0,12.3,62002.0
2026-04-24,TWSE,1470,大統新創,22.6,22.6,22.35,22.35,3649.0
2026-04-24,TWSE,1471,首利,11.85,12.0,11.8,11.9,520313.0
2026-04-24,TWSE,1472,三洋實業,94.4,94.4,93.6,93.7,3579.0
2026-04-24,TWSE,1473,台南,22.65,22.7,22.45,22.6,124270.0
2026-04-24,TWSE,1474,弘裕,10.1,10.2,10.0,10.1,95138.0
2026-04-24,TWSE,1475,業旺,28.05,28.3,27.55,28.2,29019.0
2026-04-24,TWSE,1476,儒鴻,338.5,339.0,332.5,334.0,1100817.0
2026-04-24,TWSE,1477,聚陽,217.0,220.0,215.5,220.0,1908308.0
2026-04-24,TWSE,1503,士電,191.0,194.5,186.5,193.0,1268215.0
2026-04-24,TWSE,1504,東元,61.0,61.8,60.1,61.6,4904774.0
2026-04-24,TWSE,1506,正道,10.9,10.95,10.85,10.95,113105.0
2026-04-24,TWSE,1512,瑞利,7.32,7.49,7.32,7.42,135222.0
2026-04-24,TWSE,1513,中興電,149.5,153.5,149.0,153.0,5563468.0
2026-04-24,TWSE,1514,亞力,112.5,113.5,110.0,112.5,1936508.0
2026-04-24,TWSE,1515,力山,22.55,23.2,22.45,23.2,273644.0
2026-04-24,TWSE,1516,川飛,20.35,20.35,19.8,20.3,46112.0
2026-04-24,TWSE,1517,利奇,10.65,10.8,10.6,10.75,189147.0
2026-04-24,TWSE,1519,華城,886.0,898.0,860.0,894.0,3447971.0
2026-04-24,TWSE,1521,大億,24.9,25.2,24.65,25.15,23202.0
2026-04-24,TWSE,1522,堤維西,31.3,32.0,31.15,31.95,861678.0
2026-04-24,TWSE,1524,耿鼎,27.8,28.0,27.6,27.85,520682.0
2026-04-24,TWSE,1525,江申,60.8,61.5,59.9,61.5,34132.0
2026-04-24,TWSE,1526,日馳,16.2,16.4,16.15,16.4,149656.0
2026-04-24,TWSE,1527,鑽全,32.45,32.7,32.2,32.3,182259.0
2026-04-24,TWSE,1528,恩德,25.15,26.75,24.7,26.7,9719482.0
2026-04-24,TWSE,1529,樂事綠能,22.3,22.95,22.15,22.75,473380.0
2026-04-24,TWSE,1530,亞崴,26.8,27.05,26.8,27.05,19868.0
2026-04-24,TWSE,1531,高林股,13.0,13.55,12.95,13.55,185728.0
2026-04-24,TWSE,1532,勤美,21.1,21.45,21.05,21.45,685301.0
2026-04-24,TWSE,1533,車王電,30.9,31.3,30.65,30.9,63479.0
2026-04-24,TWSE,1535,中宇,51.5,51.5,50.7,50.7,43452.0
2026-04-24,TWSE,1536,和大,50.7,51.2,49.7,49.7,1780712.0
2026-04-24,TWSE,1537,廣隆,122.5,124.0,122.5,124.0,67394.0
2026-04-24,TWSE,1538,正峰,13.3,13.3,13.3,13.3,1076.0
2026-04-24,TWSE,1539,巨庭,16.3,16.6,16.2,16.2,52594.0
2026-04-24,TWSE,1540,喬福,20.4,21.05,20.35,21.0,366724.0
2026-04-24,TWSE,1541,錩泰,24.55,25.55,23.9,25.15,49110.0
2026-04-24,TWSE,1558,伸興,91.7,93.3,91.6,92.0,114610.0
2026-04-24,TWSE,1560,中砂,535.0,557.0,525.0,535.0,4181605.0
2026-04-24,TWSE,1563,巧新,41.45,42.0,41.1,41.8,360199.0
2026-04-24,TWSE,1568,倉佑,27.8,30.5,27.8,29.9,947594.0
2026-04-24,TWSE,1582,信錦,88.8,94.0,87.6,93.6,7874323.0
2026-04-24,TWSE,1583,程泰,47.05,48.05,47.0,47.0,33822.0
2026-04-24,TWSE,1587,吉茂,33.85,34.05,33.1,33.95,416919.0
2026-04-24,TWSE,1590,亞德客-KY,1360.0,1380.0,1280.0,1315.0,2901321.0
2026-04-24,TWSE,1597,直得,108.5,112.5,103.0,110.0,2118130.0
2026-04-24,TWSE,1598,岱宇,19.9,19.95,19.35,19.8,292820.0
2026-04-24,TWSE,1603,華電,31.8,32.3,31.65,32.3,177743.0
2026-04-24,TWSE,1604,聲寶,23.0,23.45,23.0,23.35,690393.0
2026-04-24,TWSE,1605,華新,30.1,30.55,29.55,30.55,19273921.0
2026-04-24,TWSE,1608,華榮,33.05,33.6,32.6,33.4,2109374.0
2026-04-24,TWSE,1609,大亞,32.7,33.25,32.25,33.25,2495713.0
2026-04-24,TWSE,1611,中電,11.95,12.05,11.9,12.0,306928.0
2026-04-24,TWSE,1612,宏泰,35.0,35.4,34.75,35.4,563063.0
2026-04-24,TWSE,1614,三洋電,32.1,32.1,31.8,31.8,23996.0
2026-04-24,TWSE,1615,大山,46.7,46.95,46.45,46.65,65264.0
2026-04-24,TWSE,1616,億泰,22.65,23.1,22.5,23.1,538870.0
2026-04-24,TWSE,1617,榮星,15.65,15.75,15.45,15.45,115090.0
2026-04-24,TWSE,1618,合機,39.85,40.1,39.1,39.9,618774.0
2026-04-24,TWSE,1623,大東電,240.0,252.0,238.0,248.0,338525.0
2026-04-24,TWSE,1626,艾美特-KY,11.0,11.4,10.75,11.05,217732.0
2026-04-24,TWSE,1702,南僑,35.85,36.05,35.75,35.8,189134.0
2026-04-24,TWSE,1707,葡萄王,116.5,117.0,116.0,116.5,148735.0
2026-04-24,TWSE,1708,東鹼,41.05,41.65,38.9,39.3,8075542.0
2026-04-24,TWSE,1709,和益,18.65,18.8,18.5,18.65,453995.0
2026-04-24,TWSE,1710,東聯,13.35,13.7,13.35,13.6,2282748.0
2026-04-24,TWSE,1711,永光,50.9,55.0,50.9,55.0,8632432.0
2026-04-24,TWSE,1712,興農,42.0,42.0,41.75,42.0,658831.0
2026-04-24,TWSE,1713,國化,47.1,47.5,46.9,47.5,162574.0
2026-04-24,TWSE,1714,和桐,9.63,9.95,9.57,9.95,4622308.0
2026-04-24,TWSE,1717,長興,77.6,82.1,76.8,79.8,58027017.0
2026-04-24,TWSE,1718,中纖,6.64,6.74,6.58,6.72,4398327.0
2026-04-24,TWSE,1720,生達,60.9,61.0,60.3,61.0,260387.0
2026-04-24,TWSE,1721,三晃,27.3,28.6,27.0,27.5,7801494.0
2026-04-24,TWSE,1722,台肥,44.4,44.75,44.4,44.75,2689753.0
2026-04-24,TWSE,1723,中碳,81.0,81.8,80.4,81.4,483803.0
2026-04-24,TWSE,1725,元禎,31.9,32.75,31.2,31.5,287867.0
2026-04-24,TWSE,1726,永記,76.4,76.5,76.1,76.2,9855.0
2026-04-24,TWSE,1727,中華化,70.7,70.7,65.6,67.6,24145751.0
2026-04-24,TWSE,1730,花仙子,52.5,52.6,52.5,52.5,38266.0
2026-04-24,TWSE,1731,美吾華,21.8,21.85,21.65,21.7,56955.0
2026-04-24,TWSE,1732,毛寶,25.7,26.0,25.6,25.6,60518.0
2026-04-24,TWSE,1733,五鼎,28.8,29.0,28.75,28.9,129388.0
2026-04-24,TWSE,1734,杏輝,31.65,31.85,31.6,31.85,210703.0
2026-04-24,TWSE,1735,日勝化,28.1,30.4,27.2,30.3,1807440.0
2026-04-24,TWSE,1736,喬山,111.0,113.0,110.0,111.5,590253.0
2026-04-24,TWSE,1737,臺鹽,31.6,31.9,31.5,31.65,101803.0
2026-04-24,TWSE,1752,南光,35.0,35.1,34.9,34.95,40073.0
2026-04-24,TWSE,1760,寶齡富錦,63.3,64.1,63.2,64.0,151747.0
2026-04-24,TWSE,1762,中化生,27.9,28.0,27.55,27.65,80373.0
2026-04-24,TWSE,1773,勝一,175.5,179.0,170.5,176.0,3926634.0
2026-04-24,TWSE,1776,展宇,16.05,16.6,16.05,16.45,105329.0
2026-04-24,TWSE,1783,和康生,39.45,40.1,39.2,40.05,184261.0
2026-04-24,TWSE,1786,科妍,61.0,63.8,61.0,63.5,318078.0
2026-04-24,TWSE,1789,神隆,20.35,20.75,20.2,20.55,851391.0
2026-04-24,TWSE,1795,美時,224.0,225.5,219.5,223.5,1703058.0
2026-04-24,TWSE,1802,台玻,65.0,67.8,63.1,67.6,122228131.0
2026-04-24,TWSE,1805,寶徠,10.55,10.55,10.35,10.55,67818.0
2026-04-24,TWSE,1806,冠軍,8.14,8.32,8.14,8.32,299414.0
2026-04-24,TWSE,1808,潤隆,30.8,31.4,30.1,31.0,2712479.0
2026-04-24,TWSE,1809,中釉,25.65,26.75,25.25,26.7,2295949.0
2026-04-24,TWSE,1810,和成,17.85,18.3,17.6,18.25,822559.0
2026-04-24,TWSE,1817,凱撒衛,38.65,38.7,38.6,38.6,34386.0
2026-04-24,TWSE,1903,士紙,49.45,49.75,49.05,49.45,105418.0
2026-04-24,TWSE,1904,正隆,18.25,18.85,18.25,18.7,1514653.0
2026-04-24,TWSE,1905,華紙,13.6,14.2,13.45,14.0,7155613.0
2026-04-24,TWSE,1906,寶隆,11.5,11.85,11.4,11.8,131824.0
2026-04-24,TWSE,1907,永豐餘,24.2,24.95,24.1,24.8,1369971.0
2026-04-24,TWSE,1909,榮成,9.13,9.33,9.11,9.23,3019171.0
2026-04-24,TWSE,2002,中鋼,19.0,19.15,18.9,19.15,44297648.0
2026-04-24,TWSE,2006,東和鋼鐵,66.9,67.4,66.1,67.4,1791768.0
2026-04-24,TWSE,2007,燁興,7.54,7.66,7.5,7.66,364870.0
2026-04-24,TWSE,2008,高興昌,27.9,27.9,27.8,27.8,18819.0
2026-04-24,TWSE,2009,第一銅,38.0,38.65,37.5,38.4,1622485.0
2026-04-24,TWSE,2010,春源,24.25,24.65,24.0,24.6,2810405.0
2026-04-24,TWSE,2012,春雨,15.2,15.35,15.15,15.2,34897.0
2026-04-24,TWSE,2013,中鋼構,42.4,42.9,42.2,42.9,180653.0
2026-04-24,TWSE,2014,中鴻,17.15,17.3,17.0,17.25,3571491.0
2026-04-24,TWSE,2015,豐興,60.9,61.2,60.8,61.2,475922.0
2026-04-24,TWSE,2017,官田鋼,8.79,8.91,8.77,8.9,617341.0
2026-04-24,TWSE,2020,美亞,22.25,22.45,22.1,22.45,601246.0
2026-04-24,TWSE,2022,聚亨,8.12,8.37,8.07,8.37,872859.0
2026-04-24,TWSE,2023,燁輝,14.0,14.05,13.9,14.0,1713895.0
2026-04-24,TWSE,2024,志聯,14.4,14.4,14.0,14.3,28690.0
2026-04-24,TWSE,2025,千興,11.4,11.6,11.4,11.6,97953.0
2026-04-24,TWSE,2027,大成鋼,36.35,36.4,35.9,36.25,13789358.0
2026-04-24,TWSE,2028,威致,18.05,18.05,17.85,18.05,128836.0
2026-04-24,TWSE,2029,盛餘,20.2,20.35,20.2,20.3,155410.0
2026-04-24,TWSE,2030,彰源,15.6,15.75,15.3,15.75,960481.0
2026-04-24,TWSE,2031,新光鋼,38.85,39.0,38.5,38.85,517794.0
2026-04-24,TWSE,2032,新鋼,15.25,15.5,15.15,15.5,238135.0
2026-04-24,TWSE,2033,佳大,16.2,16.2,15.85,16.2,105610.0
2026-04-24,TWSE,2034,允強,20.2,20.45,20.05,20.45,1310355.0
2026-04-24,TWSE,2038,海光,14.1,14.5,14.05,14.5,467032.0
2026-04-24,TWSE,2049,上銀,293.5,308.0,289.0,305.0,6178801.0
2026-04-24,TWSE,2059,川湖,3795.0,3870.0,3495.0,3650.0,1669831.0
2026-04-24,TWSE,2062,橋椿,21.8,22.3,21.7,22.3,197547.0
2026-04-24,TWSE,2069,運錩,18.8,18.9,18.6,18.65,183040.0
2026-04-24,TWSE,2072,世紀風電,175.0,179.5,175.0,179.5,436124.0
2026-04-24,TWSE,2101,南港,33.4,34.35,33.35,34.35,5487670.0
2026-04-24,TWSE,2102,泰豐,19.2,19.45,18.95,19.45,736673.0
2026-04-24,TWSE,2103,台橡,18.55,19.1,18.45,19.05,3077309.0
2026-04-24,TWSE,2104,國際中橡,10.7,10.95,10.65,10.95,3898165.0
2026-04-24,TWSE,2105,正新,32.1,32.65,31.7,32.65,13662102.0
2026-04-24,TWSE,2106,建大,17.7,18.05,17.6,17.95,588754.0
2026-04-24,TWSE,2107,厚生,26.0,26.3,25.9,26.0,553006.0
2026-04-24,TWSE,2108,南帝,26.6,27.1,26.15,27.05,1706340.0
2026-04-24,TWSE,2109,華豐,14.5,14.6,14.45,14.55,119806.0
2026-04-24,TWSE,2114,鑫永銓,88.5,88.5,88.0,88.5,27686.0
2026-04-24,TWSE,2115,六暉-KY,21.5,21.75,21.35,21.75,69319.0
2026-04-24,TWSE,2201,裕隆,27.1,27.65,26.95,27.65,2704056.0
2026-04-24,TWSE,2204,中華,53.2,53.7,53.0,53.7,1271729.0
2026-04-24,TWSE,2206,三陽工業,56.6,56.6,54.5,55.8,2074149.0
2026-04-24,TWSE,2207,和泰車,493.5,504.0,492.5,501.0,312839.0
2026-04-24,TWSE,2208,台船,20.3,20.65,20.25,20.6,2530222.0
2026-04-24,TWSE,2211,長榮鋼,99.0,100.0,98.6,100.0,697188.0
2026-04-24,TWSE,2227,裕日車,54.4,55.0,53.2,55.0,21197.0
2026-04-24,TWSE,2228,劍麟,88.7,90.2,88.1,90.2,174485.0
2026-04-24,TWSE,2231,為升,130.0,138.0,127.0,137.0,2648619.0
2026-04-24,TWSE,2233,宇隆,241.5,253.0,240.5,246.0,1184459.0
2026-04-24,TWSE,2236,百達-KY,134.0,136.0,131.5,134.0,642004.0
2026-04-24,TWSE,2239,英利-KY,22.2,22.75,21.9,22.35,73769.0
2026-04-24,TWSE,2241,艾姆勒,32.2,33.8,30.8,33.8,1817839.0
2026-04-24,TWSE,2243,宏旭-KY,24.25,26.2,23.25,24.45,1951159.0
2026-04-24,TWSE,2247,汎德永業,217.0,221.0,215.5,220.5,179885.0
2026-04-24,TWSE,2248,華勝-KY,59.9,61.2,59.7,61.2,142662.0
2026-04-24,TWSE,2250,IKKA-KY,63.6,64.9,62.8,64.8,65985.0
2026-04-24,TWSE,2254,巨鎧精密-創,77.9,80.3,77.3,80.0,62002.0
2026-04-24,TWSE,2258,鴻華先進-創,29.4,29.6,29.05,29.35,596174.0
2026-04-24,TWSE,2301,光寶科,169.5,170.5,162.5,166.0,25524324.0
2026-04-24,TWSE,2302,麗正,17.95,18.85,17.95,18.4,756590.0
2026-04-24,TWSE,2303,聯電,74.5,78.3,73.3,77.0,180527350.0
2026-04-24,TWSE,2305,全友,15.75,16.75,15.75,16.65,2676547.0
2026-04-24,TWSE,2308,台達電,2075.0,2090.0,1990.0,2005.0,11571377.0
2026-04-24,TWSE,2312,金寶,26.1,27.5,25.35,27.15,74780428.0
2026-04-24,TWSE,2313,華通,214.5,224.0,205.0,218.0,108715535.0
2026-04-24,TWSE,2314,台揚,15.55,16.3,15.5,16.3,200741.0
2026-04-24,TWSE,2316,楠梓電,118.0,125.5,111.0,117.5,28352656.0
2026-04-24,TWSE,2317,鴻海,221.5,227.0,218.0,227.0,77230253.0
2026-04-24,TWSE,2321,東訊,12.95,12.95,12.8,12.8,3413.0
2026-04-24,TWSE,2323,中環,10.25,10.45,10.15,10.4,4945319.0
2026-04-24,TWSE,2324,仁寶,30.3,31.3,30.0,31.3,35382042.0
2026-04-24,TWSE,2327,國巨*,297.0,301.0,290.0,295.5,32633203.0
2026-04-24,TWSE,2328,廣宇,44.4,45.7,43.85,45.4,3300959.0
2026-04-24,TWSE,2329,華泰,55.3,57.4,54.5,56.8,8405188.0
2026-04-24,TWSE,2330,台積電,2185.0,2190.0,2105.0,2110.0,52391785.0
2026-04-24,TWSE,2331,精英,20.3,20.9,20.05,20.9,2241872.0
2026-04-24,TWSE,2332,友訊,14.1,14.75,14.05,14.75,12173422.0
2026-04-24,TWSE,2337,旺宏,132.0,136.0,124.0,129.5,150260221.0
2026-04-24,TWSE,2338,光罩,47.35,49.1,47.0,48.6,4683100.0
2026-04-24,TWSE,2340,台亞,36.85,40.0,35.55,39.65,21841383.0
2026-04-24,TWSE,2342,茂矽,31.6,33.6,31.55,32.1,3034672.0
2026-04-24,TWSE,2344,華邦電,88.2,88.9,84.0,88.6,122540288.0
2026-04-24,TWSE,2345,智邦,2140.0,2170.0,2050.0,2105.0,5127676.0
2026-04-24,TWSE,2347,聯強,82.6,83.4,81.3,83.4,4868035.0
2026-04-24,TWSE,2348,海悅,73.2,75.8,73.1,75.8,294562.0
2026-04-24,TWSE,2349,錸德,12.8,13.15,12.75,13.1,4285221.0
2026-04-24,TWSE,2351,順德,147.0,165.0,144.5,165.0,18361575.0
2026-04-24,TWSE,2352,佳世達,24.6,25.2,24.35,25.05,7175374.0
2026-04-24,TWSE,2353,宏碁,27.65,27.75,27.2,27.5,24139491.0
2026-04-24,TWSE,2354,鴻準,51.4,52.7,50.7,52.7,5997515.0
2026-04-24,TWSE,2355,敬鵬,53.1,53.4,49.7,50.1,28140319.0
2026-04-24,TWSE,2356,英業達,48.1,48.2,46.6,46.6,44404388.0
2026-04-24,TWSE,2357,華碩,585.0,601.0,584.0,598.0,5501754.0
2026-04-24,TWSE,2359,所羅門,109.0,112.5,107.5,111.0,904128.0
2026-04-24,TWSE,2360,致茂,1920.0,1970.0,1885.0,1910.0,3337736.0
2026-04-24,TWSE,2362,藍天,38.2,38.75,37.9,38.5,489095.0
2026-04-24,TWSE,2363,矽統,55.0,56.6,54.1,54.1,14775270.0
2026-04-24,TWSE,2364,倫飛,63.7,66.3,63.7,65.1,241568.0
2026-04-24,TWSE,2365,昆盈,34.25,35.25,33.5,34.0,11608961.0
2026-04-24,TWSE,2367,燿華,57.4,60.7,55.6,60.5,79066495.0
2026-04-24,TWSE,2368,金像電,1390.0,1390.0,1300.0,1315.0,8735359.0
2026-04-24,TWSE,2369,菱生,29.05,29.8,28.35,29.4,9950480.0
2026-04-24,TWSE,2371,大同,30.3,30.85,30.05,30.7,13063108.0
2026-04-24,TWSE,2373,震旦行,57.3,57.8,56.6,57.2,29141.0
2026-04-24,TWSE,2374,佳能,71.3,73.3,70.4,72.0,4195716.0
2026-04-24,TWSE,2375,凱美,79.2,82.9,78.3,81.0,1600632.0
2026-04-24,TWSE,2376,技嘉,278.0,281.0,275.5,280.0,5035689.0
2026-04-24,TWSE,2377,微星,95.1,98.7,93.1,98.5,19888419.0
2026-04-24,TWSE,2379,瑞昱,539.0,544.0,530.0,542.0,3724010.0
2026-04-24,TWSE,2380,虹光,5.1,5.1,5.08,5.1,153455.0
2026-04-24,TWSE,2382,廣達,323.0,326.5,318.0,325.0,18393593.0
2026-04-24,TWSE,2383,台光電,4475.0,4485.0,4230.0,4300.0,4429294.0
2026-04-24,TWSE,2385,群光,125.0,127.0,125.0,127.0,3615646.0
2026-04-24,TWSE,2387,精元,41.7,41.7,40.65,41.4,557095.0
2026-04-24,TWSE,2388,威盛,78.2,83.7,76.8,82.6,45979056.0
2026-04-24,TWSE,2390,云辰,9.94,10.15,9.82,10.0,756947.0
2026-04-24,TWSE,2392,正崴,36.4,37.15,36.1,36.9,1420838.0
2026-04-24,TWSE,2393,億光,70.9,73.0,70.8,72.7,2068747.0
2026-04-24,TWSE,2395,研華,354.0,358.0,349.0,357.0,1858933.0
2026-04-24,TWSE,2397,友通,57.1,57.5,56.5,57.4,301737.0
2026-04-24,TWSE,2399,映泰,43.65,43.65,40.5,41.1,49139699.0
2026-04-24,TWSE,2401,凌陽,25.5,26.0,24.65,25.6,13989533.0
2026-04-24,TWSE,2402,毅嘉,70.6,73.1,70.0,72.2,18665179.0
2026-04-24,TWSE,2404,漢唐,989.0,1010.0,973.0,991.0,4525452.0
2026-04-24,TWSE,2405,輔信,15.1,15.55,15.05,15.55,1480440.0
2026-04-24,TWSE,2406,國碩,28.7,30.25,28.25,30.0,6955930.0
2026-04-24,TWSE,2408,南亞科,206.0,210.5,199.0,209.5,99650668.0
2026-04-24,TWSE,2409,友達,17.2,17.85,16.9,17.8,203074622.0
2026-04-24,TWSE,2412,中華電,135.5,136.0,135.0,136.0,8991028.0
2026-04-24,TWSE,2413,環科,43.55,46.5,42.9,46.2,2604148.0
2026-04-24,TWSE,2414,精技,46.0,46.0,45.25,45.6,120580.0
2026-04-24,TWSE,2415,錩新,27.0,27.8,26.9,27.7,455421.0
2026-04-24,TWSE,2417,圓剛,40.5,41.7,40.3,41.5,637062.0
2026-04-24,TWSE,2419,仲琦,30.6,31.75,30.0,31.45,4521314.0
2026-04-24,TWSE,2420,新巨,55.4,55.7,54.8,55.0,196015.0
2026-04-24,TWSE,2421,建準,145.5,148.5,141.0,143.0,5196887.0
2026-04-24,TWSE,2423,固緯,56.6,60.0,56.2,59.5,314524.0
2026-04-24,TWSE,2424,隴華,22.9,25.1,22.8,25.1,297273.0
2026-04-24,TWSE,2425,承啟,29.6,29.85,29.0,29.85,314429.0
2026-04-24,TWSE,2426,鼎元,47.7,50.0,46.1,49.0,3057407.0
2026-04-24,TWSE,2427,三商電,21.75,21.9,21.6,21.9,387812.0
2026-04-24,TWSE,2428,興勤,174.5,176.0,170.5,176.0,583262.0
2026-04-24,TWSE,2429,銘旺科,60.9,60.9,56.0,60.9,4521022.0
2026-04-24,TWSE,2430,燦坤,21.0,21.35,20.9,21.35,214571.0
2026-04-24,TWSE,2431,聯昌,11.2,11.25,11.0,11.1,292157.0
2026-04-24,TWSE,2432,倚天酷碁-創,28.7,29.4,28.65,29.4,60757.0
2026-04-24,TWSE,2433,互盛電,45.6,45.6,45.25,45.6,64978.0
2026-04-24,TWSE,2434,統懋,30.5,30.6,30.3,30.3,15859.0
2026-04-24,TWSE,2436,偉詮電,79.5,82.0,77.3,79.0,44505557.0
2026-04-24,TWSE,2438,翔耀,22.55,23.0,22.1,22.7,156195.0
2026-04-24,TWSE,2439,美律,86.7,89.3,86.5,87.5,2934415.0
2026-04-24,TWSE,2440,太空梭,16.2,16.35,15.75,15.85,527275.0
2026-04-24,TWSE,2441,超豐,88.3,92.3,86.3,90.0,12039076.0
2026-04-24,TWSE,2442,新美齊,18.8,19.1,18.6,19.1,2266715.0
2026-04-24,TWSE,2444,兆勁,13.7,14.15,13.4,14.05,702493.0
2026-04-24,TWSE,2449,京元電子,286.0,291.0,274.0,284.0,36880960.0
2026-04-24,TWSE,2450,神腦,29.95,30.3,29.5,29.9,207732.0
2026-04-24,TWSE,2451,創見,252.5,258.0,247.5,255.0,4885767.0
2026-04-24,TWSE,2453,凌群,53.2,54.1,53.0,53.8,323997.0
2026-04-24,TWSE,2454,聯發科,2435.0,2435.0,2330.0,2340.0,22985015.0
2026-04-24,TWSE,2455,全新,346.0,360.5,319.0,358.0,4256635.0
2026-04-24,TWSE,2457,飛宏,24.25,25.0,23.95,24.95,2406813.0
2026-04-24,TWSE,2458,義隆,136.5,140.0,135.5,137.0,4346105.0
2026-04-24,TWSE,2459,敦吉,68.0,68.1,66.3,66.3,263314.0
2026-04-24,TWSE,2460,建通,39.45,41.2,38.2,39.0,4972906.0
2026-04-24,TWSE,2461,光群雷,17.4,17.45,16.7,17.35,1143513.0
2026-04-24,TWSE,2462,良得電,22.55,23.5,22.5,22.8,446834.0
2026-04-24,TWSE,2464,盟立,91.7,93.0,83.8,86.0,26246939.0
2026-04-24,TWSE,2465,麗臺,67.6,70.4,66.1,69.2,1757763.0
2026-04-24,TWSE,2466,冠西電,54.2,58.0,54.0,57.8,352351.0
2026-04-24,TWSE,2467,志聖,538.0,562.0,502.0,544.0,856628.0
2026-04-24,TWSE,2468,華經,34.05,34.8,33.45,34.75,200605.0
2026-04-24,TWSE,2471,資通,52.1,52.5,51.7,52.3,153479.0
2026-04-24,TWSE,2472,立隆電,172.5,179.0,169.5,175.0,3434091.0
2026-04-24,TWSE,2474,可成,223.5,243.0,222.0,234.0,14439414.0
2026-04-24,TWSE,2476,鉅祥,123.5,129.0,121.0,122.5,13055926.0
2026-04-24,TWSE,2477,美隆電,22.25,22.85,22.0,22.85,565005.0
2026-04-24,TWSE,2478,大毅,65.7,67.6,64.5,66.3,1216799.0
2026-04-24,TWSE,2480,敦陽科,139.5,141.0,139.0,140.0,357307.0
2026-04-24,TWSE,2481,強茂,100.0,103.0,96.0,101.5,19946649.0
2026-04-24,TWSE,2482,連宇,17.35,17.55,17.2,17.2,136816.0
2026-04-24,TWSE,2483,百容,22.95,23.75,22.8,23.7,263281.0
2026-04-24,TWSE,2484,希華,40.2,43.2,38.9,43.2,7123202.0
2026-04-24,TWSE,2485,兆赫,60.5,63.0,59.1,62.7,38413351.0
2026-04-24,TWSE,2486,一詮,224.0,232.0,207.0,226.0,2224702.0
2026-04-24,TWSE,2488,漢平,50.6,51.3,50.4,51.3,131735.0
2026-04-24,TWSE,2489,瑞軒,38.5,42.55,38.5,42.3,8268086.0
2026-04-24,TWSE,2491,吉祥全,15.55,15.7,15.2,15.6,87834.0
2026-04-24,TWSE,2492,華新科,130.0,133.0,127.0,131.0,4973465.0
2026-04-24,TWSE,2493,揚博,119.0,123.0,116.5,122.5,3476463.0
2026-04-24,TWSE,2495,普安,39.85,42.9,39.65,41.65,9839438.0
2026-04-24,TWSE,2496,卓越,64.4,64.6,64.3,64.6,18992.0
2026-04-24,TWSE,2497,怡利電,58.4,62.3,58.4,61.7,1447814.0
2026-04-24,TWSE,2498,宏達電,40.0,41.6,40.0,40.1,9736356.0
2026-04-24,TWSE,2501,國建,25.6,26.4,25.25,26.3,3672913.0
2026-04-24,TWSE,2504,國產,35.7,36.0,35.4,36.0,2545137.0
2026-04-24,TWSE,2505,國揚,18.85,18.95,18.65,18.9,345910.0
2026-04-24,TWSE,2506,太設,8.86,8.88,8.69,8.8,174415.0
2026-04-24,TWSE,2509,全坤建,13.9,14.05,13.85,14.0,296692.0
2026-04-24,TWSE,2511,太子,8.01,8.05,7.99,8.02,1494422.0
2026-04-24,TWSE,2514,龍邦,13.35,13.4,13.25,13.35,91439.0
2026-04-24,TWSE,2515,中工,13.2,13.4,13.2,13.35,4002715.0
2026-04-24,TWSE,2516,新建,12.85,12.95,12.8,12.95,325763.0
2026-04-24,TWSE,2520,冠德,31.0,31.1,30.65,30.85,892132.0
2026-04-24,TWSE,2524,京城,37.5,37.7,37.05,37.45,70064.0
2026-04-24,TWSE,2527,宏璟,33.9,34.7,33.4,34.35,575635.0
2026-04-24,TWSE,2528,皇普,22.5,22.65,22.3,22.6,404104.0
2026-04-24,TWSE,2530,華建,21.85,21.9,21.4,21.6,727175.0
2026-04-24,TWSE,2534,宏盛,19.4,19.4,19.0,19.2,604518.0
2026-04-24,TWSE,2535,達欣工,76.6,77.0,74.1,74.4,1628750.0
2026-04-24,TWSE,2536,宏普,21.85,22.0,21.7,22.0,75476.0
2026-04-24,TWSE,2537,聯上發,10.5,10.85,10.45,10.55,755124.0
2026-04-24,TWSE,2538,基泰,10.0,10.05,9.98,10.0,601341.0
2026-04-24,TWSE,2539,櫻花建,43.25,44.4,43.2,44.35,1782955.0
2026-04-24,TWSE,2540,愛山林,58.5,59.0,56.8,59.0,2082588.0
2026-04-24,TWSE,2542,興富發,39.15,39.8,37.0,37.8,55495794.0
2026-04-24,TWSE,2543,皇昌,47.85,50.1,47.8,50.0,3888796.0
2026-04-24,TWSE,2545,皇翔,37.65,37.8,37.3,37.7,290527.0
2026-04-24,TWSE,2546,根基,84.9,85.3,84.8,85.3,68785.0
2026-04-24,TWSE,2547,日勝生,10.45,10.55,10.4,10.55,1981143.0
2026-04-24,TWSE,2548,華固,130.5,132.5,129.0,131.5,746914.0
2026-04-24,TWSE,2597,潤弘,153.0,156.0,152.5,156.0,363839.0
2026-04-24,TWSE,2601,益航,5.4,5.5,5.38,5.5,1373051.0
2026-04-24,TWSE,2603,長榮,201.5,202.5,199.5,202.0,10071742.0
2026-04-24,TWSE,2605,新興,33.5,34.6,33.3,33.5,7223914.0
2026-04-24,TWSE,2606,裕民,60.9,61.7,60.4,61.4,4358138.0
2026-04-24,TWSE,2607,榮運,48.3,48.95,48.1,48.85,558766.0
2026-04-24,TWSE,2608,嘉里大榮,30.25,30.6,30.15,30.6,486121.0
2026-04-24,TWSE,2609,陽明,50.1,50.5,49.9,50.3,16405527.0
2026-04-24,TWSE,2610,華航,17.85,18.0,17.8,18.0,20553446.0
2026-04-24,TWSE,2611,志信,13.7,13.95,13.7,13.95,460113.0
2026-04-24,TWSE,2612,中航,55.5,57.0,55.1,55.8,374250.0
2026-04-24,TWSE,2613,中櫃,22.4,22.95,22.4,22.9,416099.0
2026-04-24,TWSE,2614,東森,20.05,20.35,19.9,20.25,802133.0
2026-04-24,TWSE,2615,萬海,74.2,74.7,73.7,74.0,5723969.0
2026-04-24,TWSE,2616,山隆,14.65,15.1,14.6,15.0,345557.0
2026-04-24,TWSE,2617,台航,29.4,29.7,29.35,29.6,618233.0
2026-04-24,TWSE,2618,長榮航,33.75,34.0,33.55,33.8,24089961.0
2026-04-24,TWSE,2630,亞航,50.3,51.0,49.7,51.0,1326345.0
2026-04-24,TWSE,2633,台灣高鐵,26.7,26.7,26.25,26.3,5042999.0
2026-04-24,TWSE,2634,漢翔,48.8,49.75,48.25,49.75,4099751.0
2026-04-24,TWSE,2636,台驊控股,67.1,67.5,66.8,67.5,226634.0
2026-04-24,TWSE,2637,慧洋-KY,72.0,73.8,71.0,73.8,2560040.0
2026-04-24,TWSE,2642,宅配通,22.3,22.45,22.25,22.45,62809.0
2026-04-24,TWSE,2645,長榮航太,163.5,167.0,162.0,167.0,1005515.0
2026-04-24,TWSE,2646,星宇航空,20.15,20.45,20.1,20.4,6161789.0
2026-04-24,TWSE,2701,萬企,10.7,10.75,10.65,10.75,62666.0
2026-04-24,TWSE,2702,華園,15.6,15.6,15.0,15.25,180110.0
2026-04-24,TWSE,2704,國賓,41.75,42.1,41.65,41.95,55460.0
2026-04-24,TWSE,2705,六福,17.2,17.25,16.5,16.75,3597411.0
2026-04-24,TWSE,2706,第一店,12.25,12.4,12.25,12.4,177541.0
2026-04-24,TWSE,2707,晶華,174.0,175.0,173.5,174.5,270797.0
2026-04-24,TWSE,2712,遠雄來,17.2,17.5,17.0,17.1,11587.0
2026-04-24,TWSE,2722,夏都,23.9,24.25,23.55,24.2,49952.0
2026-04-24,TWSE,2723,美食-KY,63.9,65.3,63.5,65.2,401529.0
2026-04-24,TWSE,2727,王品,223.5,225.0,223.5,225.0,209120.0
2026-04-24,TWSE,2731,雄獅,157.5,159.5,157.0,159.5,605251.0
2026-04-24,TWSE,2739,寒舍,34.2,34.5,34.0,34.5,103688.0
2026-04-24,TWSE,2748,雲品,39.6,40.1,39.6,40.0,142751.0
2026-04-24,TWSE,2753,八方雲集,179.0,180.0,178.5,180.0,262228.0
2026-04-24,TWSE,2762,世界健身-KY,73.0,73.0,72.0,72.1,61470.0
2026-04-24,TWSE,2801,彰銀,21.05,21.2,21.05,21.15,11840180.0
2026-04-24,TWSE,2812,台中銀,19.95,20.05,19.8,20.0,31975757.0
2026-04-24,TWSE,2816,旺旺保,30.4,30.5,30.1,30.5,154320.0
2026-04-24,TWSE,2820,華票,16.8,16.9,16.75,16.9,1473675.0
2026-04-24,TWSE,2832,台產,51.0,51.9,50.9,51.2,153861.0
2026-04-24,TWSE,2834,臺企銀,16.3,16.6,16.2,16.55,31714843.0
2026-04-24,TWSE,2836,高雄銀,11.85,11.9,11.8,11.85,2254143.0
2026-04-24,TWSE,2838,聯邦銀,20.05,20.35,20.05,20.35,1400317.0
2026-04-24,TWSE,2845,遠東銀,12.35,12.4,12.3,12.4,7430762.0
2026-04-24,TWSE,2849,安泰銀,13.8,13.95,13.55,13.6,38535.0
2026-04-24,TWSE,2850,新產,124.5,125.0,123.0,124.0,149733.0
2026-04-24,TWSE,2851,中再保,30.05,30.2,29.95,30.15,927117.0
2026-04-24,TWSE,2852,第一保,26.05,26.2,25.95,26.2,296133.0
2026-04-24,TWSE,2855,統一證,35.25,35.35,34.25,34.65,16783159.0
2026-04-24,TWSE,2867,三商壽,7.82,7.85,7.76,7.78,8558147.0
2026-04-24,TWSE,2880,華南金,35.0,35.55,34.85,35.25,15486474.0
2026-04-24,TWSE,2881,富邦金,87.8,88.7,87.8,88.2,16799554.0
2026-04-24,TWSE,2882,國泰金,74.9,75.1,73.8,74.5,28987799.0
2026-04-24,TWSE,2883,凱基金,20.3,20.45,20.05,20.15,36536564.0
2026-04-24,TWSE,2884,玉山金,32.55,32.7,32.3,32.4,38407291.0
2026-04-24,TWSE,2885,元大金,49.95,50.6,49.95,50.2,26816501.0
2026-04-24,TWSE,2886,兆豐金,39.55,39.8,39.45,39.8,28485490.0
2026-04-24,TWSE,2887,台新新光金,23.95,24.3,23.9,24.0,72816321.0
2026-04-24,TWSE,2889,國票金,14.6,14.85,14.6,14.85,3494674.0
2026-04-24,TWSE,2890,永豐金,31.95,32.2,31.6,31.8,28046923.0
2026-04-24,TWSE,2891,中信金,52.9,53.3,52.8,52.8,38226379.0
2026-04-24,TWSE,2892,第一金,28.3,28.45,28.2,28.25,19188944.0
2026-04-24,TWSE,2897,王道銀行,10.05,10.15,10.05,10.1,2098728.0
2026-04-24,TWSE,2901,欣欣,22.8,23.5,22.7,23.5,41580.0
2026-04-24,TWSE,2903,遠百,22.2,22.35,22.05,22.3,1512626.0
2026-04-24,TWSE,2904,匯僑,16.25,16.5,16.2,16.3,69030.0
2026-04-24,TWSE,2905,三商,13.9,14.0,13.75,14.0,747264.0
2026-04-24,TWSE,2906,高林,12.5,12.9,12.4,12.7,257682.0
2026-04-24,TWSE,2908,特力,20.5,20.5,20.1,20.1,218339.0
2026-04-24,TWSE,2910,統領,22.1,22.45,22.1,22.1,10197.0
2026-04-24,TWSE,2911,麗嬰房,4.96,5.01,4.96,4.99,94349.0
2026-04-24,TWSE,2912,統一超,228.0,234.0,227.5,232.5,3463789.0
2026-04-24,TWSE,2913,農林,11.35,11.55,11.2,11.55,2800822.0
2026-04-24,TWSE,2915,潤泰全,44.25,44.65,44.0,44.45,2159557.0
2026-04-24,TWSE,2923,鼎固-KY,24.3,26.0,24.3,25.8,51699.0
2026-04-24,TWSE,2929,淘帝-KY,5.83,5.9,5.78,5.86,499510.0
2026-04-24,TWSE,2939,永邑-KY,25.2,25.25,24.6,24.85,10001.0
2026-04-24,TWSE,2945,三商家購,41.7,41.7,40.2,41.1,48810.0
2026-04-24,TWSE,3002,歐格,18.3,18.9,18.3,18.7,200970.0
2026-04-24,TWSE,3003,健和興,54.0,56.3,53.8,55.0,875354.0
2026-04-24,TWSE,3004,豐達科,114.5,115.0,111.0,115.0,223507.0
2026-04-24,TWSE,3005,神基,96.6,99.1,96.3,99.1,5230505.0
2026-04-24,TWSE,3006,晶豪科,154.5,158.0,150.5,157.0,10212175.0
2026-04-24,TWSE,3008,大立光,2520.0,2565.0,2470.0,2530.0,1609322.0
2026-04-24,TWSE,3010,華立,136.0,144.5,135.5,144.5,2698861.0
2026-04-24,TWSE,3011,今皓,13.95,15.0,13.95,14.95,1931462.0
2026-04-24,TWSE,3013,晟銘電,112.5,115.5,108.5,109.0,7419521.0
2026-04-24,TWSE,3014,聯陽,125.5,126.5,124.0,124.0,1144361.0
2026-04-24,TWSE,3015,全漢,50.5,50.6,49.9,50.3,253019.0
2026-04-24,TWSE,3016,嘉晶,67.5,73.2,66.5,69.3,5626193.0
2026-04-24,TWSE,3017,奇鋐,2945.0,2945.0,2760.0,2770.0,5243084.0
2026-04-24,TWSE,3018,隆銘綠能,10.6,10.6,10.55,10.6,57933.0
2026-04-24,TWSE,3019,亞光,139.5,139.5,133.0,133.0,23636650.0
2026-04-24,TWSE,3021,鴻名,16.7,17.1,16.25,16.25,298545.0
2026-04-24,TWSE,3022,威強電,69.0,70.1,68.0,69.8,662420.0
2026-04-24,TWSE,3023,信邦,290.0,302.0,285.0,286.0,3997156.0
2026-04-24,TWSE,3024,憶聲,13.8,14.55,13.65,14.4,5717224.0
2026-04-24,TWSE,3025,星通,59.2,61.0,58.4,60.7,632586.0
2026-04-24,TWSE,3026,禾伸堂,216.0,230.0,201.5,230.0,4707969.0
2026-04-24,TWSE,3027,盛達,18.4,19.35,18.25,19.3,766799.0
2026-04-24,TWSE,3028,增你強,62.4,62.9,60.6,62.0,2472188.0
2026-04-24,TWSE,3029,零壹,95.5,97.4,94.6,96.7,1220143.0
2026-04-24,TWSE,3030,德律,315.5,324.5,310.0,323.0,7115951.0
2026-04-24,TWSE,3031,佰鴻,31.35,32.45,30.0,30.0,6411689.0
2026-04-24,TWSE,3032,偉訓,64.2,65.6,62.5,65.0,586425.0
2026-04-24,TWSE,3033,威健,34.6,35.45,34.2,35.15,2931592.0
2026-04-24,TWSE,3034,聯詠,418.0,428.0,411.5,412.5,6595774.0
2026-04-24,TWSE,3035,智原,185.0,185.0,177.0,180.0,34838693.0
2026-04-24,TWSE,3036,文曄,199.0,208.5,197.0,207.0,10765864.0
2026-04-24,TWSE,3037,欣興,790.0,790.0,760.0,775.0,9904455.0
2026-04-24,TWSE,3038,全台,22.75,23.1,22.5,22.9,479351.0
2026-04-24,TWSE,3040,遠見,46.3,47.35,44.8,46.6,130445.0
2026-04-24,TWSE,3041,揚智,24.8,25.9,23.9,24.1,3615694.0
2026-04-24,TWSE,3042,晶技,144.5,155.0,138.0,155.0,4761517.0
2026-04-24,TWSE,3043,科風,22.8,22.95,21.6,22.8,348645.0
2026-04-24,TWSE,3044,健鼎,480.5,497.5,470.0,473.5,7787394.0
2026-04-24,TWSE,3045,台灣大,113.0,113.5,111.5,112.0,22407532.0
2026-04-24,TWSE,3046,建碁,47.6,48.3,47.4,48.3,165864.0
2026-04-24,TWSE,3047,訊舟,14.75,15.35,14.5,15.2,2144934.0
2026-04-24,TWSE,3048,益登,37.5,38.75,37.05,38.4,1580245.0
2026-04-24,TWSE,3049,精金,12.15,12.5,11.95,12.5,5997891.0
2026-04-24,TWSE,3050,鈺德,12.2,12.65,12.2,12.65,720066.0
2026-04-24,TWSE,3051,力特,23.15,23.6,22.55,23.6,1932576.0
2026-04-24,TWSE,3052,夆典,10.75,10.85,10.65,10.85,795503.0
2026-04-24,TWSE,3054,立萬利,71.0,74.0,68.5,70.7,403325.0
2026-04-24,TWSE,3055,蔚華科,78.9,85.8,78.0,82.9,1985061.0
2026-04-24,TWSE,3056,富華新,14.2,14.45,14.15,14.3,1307960.0
2026-04-24,TWSE,3057,喬鼎,19.3,19.5,18.9,18.95,511397.0
2026-04-24,TWSE,3058,立德,8.97,9.04,8.9,9.0,1092695.0
2026-04-24,TWSE,3059,華晶科,38.5,40.25,36.8,36.9,9962489.0
2026-04-24,TWSE,3060,銘異,27.0,28.2,26.55,28.1,2368068.0
2026-04-24,TWSE,3062,建漢,25.8,27.85,25.75,27.85,11690257.0
2026-04-24,TWSE,3090,日電貿,96.4,100.0,94.1,100.0,6679109.0
2026-04-24,TWSE,3092,鴻碩,31.8,33.3,31.55,32.8,672610.0
2026-04-24,TWSE,3094,聯傑,27.15,27.95,26.45,26.45,2701226.0
2026-04-24,TWSE,3130,一零四,221.0,221.5,220.5,221.5,20952.0
2026-04-24,TWSE,3135,凌航,132.5,136.0,128.0,133.0,5485196.0
2026-04-24,TWSE,3138,耀登,157.0,173.5,156.5,173.5,4633020.0
2026-04-24,TWSE,3149,正達,43.1,43.7,41.85,42.75,4532960.0
2026-04-24,TWSE,3150,鈺寶-創,21.1,22.1,20.8,21.4,201599.0
2026-04-24,TWSE,3164,景岳,17.85,18.0,17.6,17.75,66522.0
2026-04-24,TWSE,3167,大量,702.0,702.0,660.0,665.0,1121807.0
2026-04-24,TWSE,3168,眾福科,44.35,44.35,43.5,44.0,26065.0
2026-04-24,TWSE,3189,景碩,526.0,526.0,498.5,499.0,57209204.0
2026-04-24,TWSE,3209,全科,54.5,54.5,50.1,50.3,13248712.0
2026-04-24,TWSE,3229,晟鈦,37.2,38.0,34.75,38.0,684440.0
2026-04-24,TWSE,3231,緯創,141.5,141.5,138.0,140.5,40785646.0
2026-04-24,TWSE,3257,虹冠電,54.4,55.7,54.0,55.0,337024.0
2026-04-24,TWSE,3266,昇陽,13.55,13.75,13.4,13.65,88250.0
2026-04-24,TWSE,3296,勝德,20.1,20.35,19.9,20.05,126027.0
2026-04-24,TWSE,3305,昇貿,105.0,109.0,103.0,108.5,3214637.0
2026-04-24,TWSE,3308,聯德,21.35,22.4,21.35,21.95,206618.0
2026-04-24,TWSE,3311,閎暉,31.6,32.25,31.0,32.25,211818.0
2026-04-24,TWSE,3312,弘憶股,41.0,43.35,40.65,42.6,2887190.0
2026-04-24,TWSE,3321,同泰,16.1,16.5,16.0,16.5,292845.0
2026-04-24,TWSE,3338,泰碩,81.2,89.7,79.0,83.5,23146201.0
2026-04-24,TWSE,3346,麗清,17.8,18.3,17.75,18.3,424153.0
2026-04-24,TWSE,3356,奇偶,51.2,52.4,50.9,52.2,358243.0
2026-04-24,TWSE,3376,新日興,213.0,227.5,211.0,219.5,10463012.0
2026-04-24,TWSE,3380,明泰,34.9,36.95,34.5,36.8,7594155.0
2026-04-24,TWSE,3406,玉晶光,514.0,526.0,509.0,511.0,1251846.0
2026-04-24,TWSE,3413,京鼎,324.0,327.5,315.5,316.5,2529682.0
2026-04-24,TWSE,3416,融程電,155.5,161.0,153.5,158.5,420466.0
2026-04-24,TWSE,3419,譁裕,16.3,16.95,15.8,16.4,1013077.0
2026-04-24,TWSE,3432,台端,18.7,18.7,17.3,17.5,424443.0
2026-04-24,TWSE,3437,榮創,23.6,25.55,23.5,25.5,3400779.0
2026-04-24,TWSE,3443,創意,4035.0,4300.0,3975.0,4200.0,1807025.0
2026-04-24,TWSE,3447,展達,37.75,39.0,37.75,38.15,142823.0
2026-04-24,TWSE,3450,聯鈞,318.0,341.5,307.5,337.0,22841228.0
2026-04-24,TWSE,3481,群創,23.4,24.3,23.0,24.2,233909107.0
2026-04-24,TWSE,3494,誠研,7.96,8.02,7.89,8.01,96593.0
2026-04-24,TWSE,3501,維熹,47.35,48.4,47.05,47.25,149209.0
2026-04-24,TWSE,3504,揚明光,66.3,72.2,66.1,67.5,2541169.0
2026-04-24,TWSE,3515,華擎,226.5,229.0,223.5,229.0,601381.0
2026-04-24,TWSE,3518,柏騰,30.3,31.7,30.15,31.0,791666.0
2026-04-24,TWSE,3528,安馳,76.3,77.4,74.7,77.0,571988.0
2026-04-24,TWSE,3530,晶相光,64.3,67.5,64.2,65.3,317110.0
2026-04-24,TWSE,3532,台勝科,172.5,177.0,167.0,177.0,795212.0
2026-04-24,TWSE,3533,嘉澤,2520.0,2650.0,2485.0,2605.0,2385346.0
2026-04-24,TWSE,3535,晶彩科,114.0,120.5,113.5,119.0,3405662.0
2026-04-24,TWSE,3543,州巧,40.95,42.1,40.0,42.1,1346584.0
2026-04-24,TWSE,3545,敦泰,53.0,54.3,52.0,53.0,2673001.0
2026-04-24,TWSE,3550,聯穎,18.95,19.7,18.8,19.7,1224359.0
2026-04-24,TWSE,3557,嘉威,30.5,30.5,29.95,30.5,90895.0
2026-04-24,TWSE,3563,牧德,909.0,928.0,892.0,915.0,1878207.0
2026-04-24,TWSE,3576,聯合再生,15.1,15.65,14.8,15.6,19811447.0
2026-04-24,TWSE,3583,辛耘,815.0,869.0,805.0,869.0,2338615.0
2026-04-24,TWSE,3588,通嘉,64.7,71.6,64.7,68.5,7844992.0
2026-04-24,TWSE,3591,艾笛森,23.15,24.15,23.05,23.95,2387391.0
2026-04-24,TWSE,3592,瑞鼎,240.0,246.0,236.5,237.5,790710.0
2026-04-24,TWSE,3593,力銘,19.2,19.35,18.9,19.35,36379.0
2026-04-24,TWSE,3596,智易,164.5,169.0,163.5,169.0,915539.0
2026-04-24,TWSE,3605,宏致,76.4,78.5,73.6,78.5,13395565.0
2026-04-24,TWSE,3607,谷崧,14.95,15.35,14.9,15.3,321539.0
2026-04-24,TWSE,3617,碩天,192.5,196.0,189.5,195.0,261409.0
2026-04-24,TWSE,3622,洋華,54.8,55.4,54.3,55.4,202460.0
2026-04-24,TWSE,3645,達邁,106.0,111.5,101.0,110.5,10113295.0
2026-04-24,TWSE,3652,精聯,29.4,29.95,29.05,29.3,102891.0
2026-04-24,TWSE,3653,健策,5370.0,5575.0,5260.0,5500.0,469524.0
2026-04-24,TWSE,3661,世芯-KY,4215.0,4335.0,4135.0,4140.0,3295842.0
2026-04-24,TWSE,3665,貿聯-KY,2765.0,2910.0,2720.0,2800.0,3511772.0
2026-04-24,TWSE,3669,圓展,37.7,38.6,37.65,38.1,92131.0
2026-04-24,TWSE,3673,TPK-KY,58.9,64.5,57.7,64.1,15690026.0
2026-04-24,TWSE,3679,新至陞,119.0,121.0,118.0,121.0,82332.0
2026-04-24,TWSE,3686,達能,17.5,18.15,17.15,18.0,211238.0
2026-04-24,TWSE,3694,海華,59.8,61.2,59.0,61.2,633870.0
2026-04-24,TWSE,3701,大眾控,65.4,73.8,65.0,73.4,17031626.0
2026-04-24,TWSE,3702,大聯大,97.0,99.1,95.7,96.9,17569390.0
2026-04-24,TWSE,3703,欣陸,20.95,21.2,20.85,21.2,1129396.0
2026-04-24,TWSE,3704,合勤控,34.45,36.2,34.1,36.2,2513561.0
2026-04-24,TWSE,3705,永信,54.8,55.0,54.5,54.9,108025.0
2026-04-24,TWSE,3706,神達,81.9,83.0,80.6,83.0,7712376.0
2026-04-24,TWSE,3708,上緯投控,122.5,127.0,121.5,126.0,1243159.0
2026-04-24,TWSE,3711,日月光投控,496.0,500.0,467.5,467.5,27381879.0
2026-04-24,TWSE,3712,永崴投控,19.85,21.0,19.7,20.9,941467.0
2026-04-24,TWSE,3714,富采,66.6,71.8,65.4,71.8,10618052.0
2026-04-24,TWSE,3715,定穎投控,183.0,191.5,181.0,181.5,20907117.0
2026-04-24,TWSE,3716,中化控股,32.3,32.5,32.0,32.5,128167.0
2026-04-24,TWSE,3717,聯嘉投控,20.65,21.85,20.6,21.7,809528.0
2026-04-24,TWSE,4104,佳醫,73.3,74.0,73.0,74.0,528261.0
2026-04-24,TWSE,4106,雃博,22.3,22.35,22.25,22.25,54855.0
2026-04-24,TWSE,4108,懷特,12.45,12.7,12.35,12.5,167496.0
2026-04-24,TWSE,4119,旭富,48.25,48.25,47.15,48.15,325387.0
2026-04-24,TWSE,4133,亞諾法,22.25,22.3,22.1,22.3,71003.0
2026-04-24,TWSE,4137,麗豐-KY,106.0,107.0,105.5,106.5,149342.0
2026-04-24,TWSE,4142,國光生,17.9,18.0,17.65,18.0,858499.0
2026-04-24,TWSE,4148,全宇生技-KY,38.6,40.1,37.4,37.5,157140.0
2026-04-24,TWSE,4155,訊映,13.1,13.1,12.9,13.0,147697.0
2026-04-24,TWSE,4164,承業醫,30.5,30.8,30.2,30.55,1122795.0
2026-04-24,TWSE,4169,泰宗,167.0,175.5,166.5,175.5,358102.0
2026-04-24,TWSE,4190,佐登-KY,26.2,26.2,26.0,26.1,44579.0
2026-04-24,TWSE,4306,炎洲,13.25,13.4,13.2,13.3,1012975.0
2026-04-24,TWSE,4414,如興,10.25,10.35,10.1,10.2,534775.0
2026-04-24,TWSE,4426,利勤,8.53,8.6,8.46,8.6,133512.0
2026-04-24,TWSE,4438,廣越,56.4,57.2,56.1,57.0,95881.0
2026-04-24,TWSE,4439,冠星-KY,101.0,102.0,99.7,101.5,24035.0
2026-04-24,TWSE,4440,宜新實業,17.85,18.15,17.7,18.15,61577.0
2026-04-24,TWSE,4441,振大環球,185.0,191.0,183.0,190.0,152710.0
2026-04-24,TWSE,4526,東台,33.0,34.5,32.15,32.25,7264846.0
2026-04-24,TWSE,4532,瑞智,23.15,23.6,23.1,23.6,1562426.0
2026-04-24,TWSE,4536,拓凱,151.5,153.5,150.5,153.5,336854.0
2026-04-24,TWSE,4540,全球傳動,53.8,57.6,53.5,56.2,3807968.0
2026-04-24,TWSE,4545,銘鈺,29.65,30.0,29.45,29.85,108057.0
2026-04-24,TWSE,4551,智伸科,131.0,136.5,129.5,136.0,421601.0
2026-04-24,TWSE,4552,力達-KY,20.25,20.45,20.1,20.45,161287.0
2026-04-24,TWSE,4555,氣立,40.45,40.8,39.15,39.2,342890.0
2026-04-24,TWSE,4557,永新-KY,50.9,51.5,50.3,51.5,93785.0
2026-04-24,TWSE,4560,強信-KY,35.3,35.35,34.1,34.25,371115.0
2026-04-24,TWSE,4562,穎漢,31.5,32.7,31.35,32.4,328799.0
2026-04-24,TWSE,4564,元翎,18.6,19.5,18.6,19.5,1080143.0
2026-04-24,TWSE,4566,時碩工業,67.1,70.5,65.9,69.0,1383405.0
2026-04-24,TWSE,4569,六方科-KY,178.0,181.0,171.0,181.0,62344.0
2026-04-24,TWSE,4571,鈞興-KY,171.5,184.0,166.0,171.0,1573012.0
2026-04-24,TWSE,4572,駐龍,147.5,147.5,145.5,147.0,31928.0
2026-04-24,TWSE,4576,大銀微系統,179.0,193.0,171.0,193.0,1668175.0
2026-04-24,TWSE,4581,光隆精密-KY,50.4,50.4,50.2,50.2,2012.0
2026-04-24,TWSE,4583,台灣精銳,723.0,754.0,723.0,754.0,225762.0
2026-04-24,TWSE,4585,達明,300.5,307.5,298.0,305.5,260352.0
2026-04-24,TWSE,4588,玖鼎電力,59.8,60.1,59.2,60.1,64224.0
2026-04-24,TWSE,4590,富田-創,73.1,76.8,72.8,76.3,225026.0
2026-04-24,TWSE,4720,德淵,27.35,27.35,26.6,26.6,12006332.0
2026-04-24,TWSE,4722,國精化,181.0,193.0,178.0,189.0,2116512.0
2026-04-24,TWSE,4736,泰博,125.5,128.5,125.5,128.5,188217.0
2026-04-24,TWSE,4737,華廣,61.8,63.0,61.3,63.0,91694.0
2026-04-24,TWSE,4739,康普,90.5,99.2,90.5,99.2,10647278.0
2026-04-24,TWSE,4746,台耀,51.2,51.9,50.9,51.8,496098.0
2026-04-24,TWSE,4755,三福化,161.0,171.0,157.5,165.5,1751919.0
2026-04-24,TWSE,4763,材料*-KY,42.8,43.35,41.8,43.3,10572580.0
2026-04-24,TWSE,4764,雙鍵,199.0,210.5,179.5,203.0,876047.0
2026-04-24,TWSE,4766,南寶,347.5,351.0,341.5,349.0,351033.0
2026-04-24,TWSE,4770,上品,228.0,235.0,225.5,232.5,407798.0
2026-04-24,TWSE,4771,望隼,189.0,197.0,188.5,192.5,123762.0
2026-04-24,TWSE,4807,日成-KY,15.9,15.95,15.45,15.5,119037.0
2026-04-24,TWSE,4904,遠傳,96.6,96.6,94.6,96.0,5867489.0
2026-04-24,TWSE,4906,正文,34.25,35.9,33.6,35.55,17369992.0
2026-04-24,TWSE,4912,聯德控股-KY,84.8,87.1,84.3,86.8,476635.0
2026-04-24,TWSE,4915,致伸,73.0,73.9,72.5,73.6,1954444.0
2026-04-24,TWSE,4916,事欣科,65.8,68.4,63.9,67.2,7118398.0
2026-04-24,TWSE,4919,新唐,145.0,151.0,136.5,151.0,6697669.0
2026-04-24,TWSE,4927,泰鼎-KY,53.3,56.4,52.4,55.9,34838378.0
2026-04-24,TWSE,4930,燦星網,18.9,19.0,18.85,19.0,97767.0
2026-04-24,TWSE,4934,太極,15.75,16.3,15.55,16.0,1008667.0
2026-04-24,TWSE,4935,茂林-KY,38.8,39.45,38.65,38.85,102793.0
2026-04-24,TWSE,4938,和碩,84.3,85.3,83.6,85.3,12252609.0
2026-04-24,TWSE,4942,嘉彰,38.2,38.3,37.95,38.3,85079.0
2026-04-24,TWSE,4943,康控-KY,10.3,10.7,10.2,10.7,30691.0
2026-04-24,TWSE,4949,有成精密,86.9,89.8,86.3,88.5,808831.0
2026-04-24,TWSE,4952,凌通,50.3,53.0,49.9,53.0,1652896.0
2026-04-24,TWSE,4956,光鋐,45.55,49.5,44.6,49.5,3198591.0
2026-04-24,TWSE,4958,臻鼎-KY,347.5,357.5,332.5,332.5,102168352.0
2026-04-24,TWSE,4960,誠美材,39.55,39.9,36.45,39.9,12566245.0
2026-04-24,TWSE,4961,天鈺,160.0,166.0,158.5,163.0,1659648.0
2026-04-24,TWSE,4967,十銓,258.5,259.0,245.5,252.5,16917575.0
2026-04-24,TWSE,4968,立積,123.5,128.0,119.5,124.5,3187371.0
2026-04-24,TWSE,4976,佳凌,29.1,30.4,29.1,29.1,453057.0
2026-04-24,TWSE,4977,眾達-KY,215.5,233.0,206.0,228.0,13102242.0
2026-04-24,TWSE,4989,榮科,109.0,113.0,98.8,113.0,5334766.0
2026-04-24,TWSE,4994,傳奇,100.0,100.0,97.1,99.5,24000.0
2026-04-24,TWSE,4999,鑫禾,22.9,23.95,22.8,23.9,235518.0
2026-04-24,TWSE,5007,三星,58.0,58.9,57.4,57.4,58359.0
2026-04-24,TWSE,5203,訊連,62.5,63.7,62.2,63.4,202074.0
2026-04-24,TWSE,5215,科嘉-KY,37.9,37.9,37.6,37.85,30180.0
2026-04-24,TWSE,5222,全訊,138.0,144.0,136.5,143.5,947032.0
2026-04-24,TWSE,5225,東科-KY,75.7,77.4,75.5,77.4,416368.0
2026-04-24,TWSE,5234,達興材料,424.0,458.5,422.0,449.0,1211891.0
2026-04-24,TWSE,5243,乙盛-KY,119.0,125.0,114.0,123.5,3664002.0
2026-04-24,TWSE,5244,弘凱,40.25,42.6,40.0,42.5,1148224.0
2026-04-24,TWSE,5258,虹堡,48.55,49.9,47.9,49.7,506590.0
2026-04-24,TWSE,5269,祥碩,1295.0,1315.0,1265.0,1300.0,2056589.0
2026-04-24,TWSE,5283,禾聯碩,53.7,54.3,53.5,53.9,144644.0
2026-04-24,TWSE,5284,jpp-KY,330.5,351.5,325.0,345.0,2175126.0
2026-04-24,TWSE,5285,界霖,53.7,57.2,53.5,55.5,445687.0
2026-04-24,TWSE,5288,豐祥-KY,169.5,173.5,167.5,171.0,379861.0
2026-04-24,TWSE,5292,華懋,247.0,266.0,246.0,266.0,644687.0
2026-04-24,TWSE,5306,桂盟,82.5,83.5,82.0,83.5,195167.0
2026-04-24,TWSE,5388,中磊,78.8,82.3,78.7,82.3,3903024.0
2026-04-24,TWSE,5434,崇越,416.0,428.0,412.0,422.0,694532.0
2026-04-24,TWSE,5469,瀚宇博,91.4,95.4,91.2,93.1,3680143.0
2026-04-24,TWSE,5471,松翰,45.25,47.4,45.0,46.8,5908318.0
2026-04-24,TWSE,5484,慧友,37.15,38.15,36.8,38.1,297475.0
2026-04-24,TWSE,5515,建國,40.25,40.65,40.0,40.3,301728.0
2026-04-24,TWSE,5519,隆大,33.0,33.25,32.7,33.25,348329.0
2026-04-24,TWSE,5521,工信,11.7,11.9,11.45,11.85,6632942.0
2026-04-24,TWSE,5522,遠雄,69.5,69.7,69.0,69.1,581391.0
2026-04-24,TWSE,5525,順天,23.85,24.3,23.5,24.3,156968.0
2026-04-24,TWSE,5531,鄉林,8.55,8.72,8.55,8.72,685049.0
2026-04-24,TWSE,5533,皇鼎,14.4,14.45,14.35,14.4,122859.0
2026-04-24,TWSE,5534,長虹,77.6,77.6,76.6,77.1,646304.0
2026-04-24,TWSE,5538,東明-KY,31.8,31.85,31.35,31.35,16463.0
2026-04-24,TWSE,5546,永固-KY,16.8,16.8,16.4,16.4,12000.0
2026-04-24,TWSE,5607,遠雄港,47.3,48.15,47.1,47.95,259614.0
2026-04-24,TWSE,5608,四維航,15.3,15.6,15.2,15.55,1340063.0
2026-04-24,TWSE,5706,鳳凰,50.8,51.5,50.6,51.3,172530.0
2026-04-24,TWSE,5871,中租-KY,121.5,123.0,120.5,122.0,12124686.0
2026-04-24,TWSE,5876,上海商銀,39.8,39.9,39.55,39.85,9707451.0
2026-04-24,TWSE,5880,合庫金,23.0,23.2,23.0,23.15,18908124.0
2026-04-24,TWSE,5906,台南-KY,50.0,50.8,50.0,50.8,2000.0
2026-04-24,TWSE,5907,大洋-KY,5.55,5.66,5.5,5.52,155101.0
2026-04-24,TWSE,6005,群益證,28.25,28.45,28.1,28.2,22314800.0
2026-04-24,TWSE,6024,群益期,55.1,55.3,54.9,55.2,249610.0
2026-04-24,TWSE,6108,競國,19.35,19.35,17.95,18.0,6281934.0
2026-04-24,TWSE,6112,邁達特,45.15,46.85,44.8,46.85,473951.0
2026-04-24,TWSE,6115,鎰勝,48.05,48.35,48.0,48.0,194542.0
2026-04-24,TWSE,6116,彩晶,8.33,8.46,8.13,8.4,13672284.0
2026-04-24,TWSE,6117,迎廣,85.1,89.0,83.4,83.5,2264861.0
2026-04-24,TWSE,6120,達運,12.95,13.65,12.8,13.6,3811343.0
2026-04-24,TWSE,6128,上福,20.75,20.8,20.3,20.4,83514.0
2026-04-24,TWSE,6133,金橋,21.7,22.45,21.4,22.25,1191867.0
2026-04-24,TWSE,6136,富爾特,27.9,28.9,27.5,28.05,3268761.0
2026-04-24,TWSE,6139,亞翔,706.0,738.0,700.0,727.0,3623315.0
2026-04-24,TWSE,6141,柏承,30.9,32.95,30.35,32.95,663401.0
2026-04-24,TWSE,6142,友勁,9.03,9.1,8.91,9.1,1050852.0
2026-04-24,TWSE,6152,百一,14.15,15.15,13.9,15.15,4412099.0
2026-04-24,TWSE,6153,嘉聯益,18.55,19.3,18.55,18.6,7901932.0
2026-04-24,TWSE,6155,鈞寶,43.0,44.6,42.4,44.4,944016.0
2026-04-24,TWSE,6164,華興,12.05,12.45,11.9,12.45,641742.0
2026-04-24,TWSE,6165,浪凡,51.6,52.5,50.3,51.0,2072771.0
2026-04-24,TWSE,6166,凌華,76.0,77.4,73.4,76.5,1433574.0
2026-04-24,TWSE,6168,宏齊,24.7,26.35,24.6,26.25,4154979.0
2026-04-24,TWSE,6176,瑞儀,110.0,116.5,101.0,107.0,47685029.0
2026-04-24,TWSE,6177,達麗,45.8,46.6,45.45,46.5,1167017.0
2026-04-24,TWSE,6183,關貿,94.0,94.0,93.3,93.8,21419.0
2026-04-24,TWSE,6184,大豐電,47.3,47.5,46.85,47.2,77289.0
2026-04-24,TWSE,6189,豐藝,46.75,47.4,45.45,47.05,587169.0
2026-04-24,TWSE,6191,精成科,109.0,114.5,107.5,109.5,17027578.0
2026-04-24,TWSE,6192,巨路,116.5,119.0,115.5,118.0,297036.0
2026-04-24,TWSE,6196,帆宣,386.0,396.5,379.0,385.0,2894324.0
2026-04-24,TWSE,6197,佳必琪,174.5,183.0,169.0,182.5,8562610.0
2026-04-24,TWSE,6201,亞弘電,50.3,50.6,50.3,50.3,16877.0
2026-04-24,TWSE,6202,盛群,57.8,59.4,56.7,56.8,10474960.0
2026-04-24,TWSE,6205,詮欣,78.2,82.9,75.3,78.7,6525650.0
2026-04-24,TWSE,6206,飛捷,105.5,108.5,104.0,108.5,1045636.0
2026-04-24,TWSE,6209,今國光,60.9,63.5,59.7,61.0,4308538.0
2026-04-24,TWSE,6213,聯茂,276.0,287.0,259.0,277.0,11969013.0
2026-04-24,TWSE,6214,精誠,120.0,123.5,119.0,122.5,779793.0
2026-04-24,TWSE,6215,和椿,102.0,106.5,101.5,103.5,1095834.0
2026-04-24,TWSE,6216,居易,25.0,25.3,24.8,25.3,155305.0
2026-04-24,TWSE,6224,聚鼎,60.4,61.8,58.9,60.8,525754.0
2026-04-24,TWSE,6225,天瀚,18.35,18.35,18.35,18.35,9379.0
2026-04-24,TWSE,6226,光鼎,12.5,13.15,12.05,12.85,1947576.0
2026-04-24,TWSE,6230,尼得科超眾,168.0,168.0,157.0,158.0,484917.0
2026-04-24,TWSE,6235,華孚,44.15,46.2,44.05,46.2,902207.0
2026-04-24,TWSE,6239,力成,210.0,213.0,207.5,209.0,9866699.0
2026-04-24,TWSE,6243,迅杰,34.75,37.4,34.25,34.25,2275373.0
2026-04-24,TWSE,6257,矽格,185.0,191.0,182.0,183.0,17304077.0
2026-04-24,TWSE,6269,台郡,66.2,68.3,64.7,67.0,3403923.0
2026-04-24,TWSE,6271,同欣電,178.0,181.0,174.0,178.5,6884445.0
2026-04-24,TWSE,6272,驊陞,32.0,33.05,31.45,33.05,268315.0
2026-04-24,TWSE,6277,宏正,69.9,71.2,69.3,70.3,226608.0
2026-04-24,TWSE,6278,台表科,145.0,147.0,132.0,147.0,4967893.0
2026-04-24,TWSE,6281,全國電,51.6,51.9,51.4,51.7,130873.0
2026-04-24,TWSE,6282,康舒,46.8,49.6,46.25,48.1,22525800.0
2026-04-24,TWSE,6283,淳安,22.25,23.0,22.2,22.75,205400.0
2026-04-24,TWSE,6285,啟碁,208.5,217.0,203.5,217.0,28404777.0
2026-04-24,TWSE,6405,悅城,36.15,36.9,35.65,36.0,681784.0
2026-04-24,TWSE,6409,旭隼,765.0,774.0,756.0,769.0,599677.0
2026-04-24,TWSE,6412,群電,78.4,79.4,77.2,77.2,1210998.0
2026-04-24,TWSE,6414,樺漢,312.5,321.0,310.0,320.0,1374338.0
2026-04-24,TWSE,6415,矽力*-KY,436.0,436.0,422.0,436.0,5473333.0
2026-04-24,TWSE,6416,瑞祺電通,81.5,81.7,79.9,81.7,192677.0
2026-04-24,TWSE,6426,統新,216.0,257.5,216.0,249.0,5213555.0
2026-04-24,TWSE,6431,光麗-KY,20.2,20.4,20.0,20.1,107948.0
2026-04-24,TWSE,6438,迅得,173.5,181.5,171.5,174.0,2581842.0
2026-04-24,TWSE,6442,光聖,1880.0,2050.0,1820.0,2020.0,2252058.0
2026-04-24,TWSE,6443,元晶,36.5,37.5,35.45,37.5,5994899.0
2026-04-24,TWSE,6446,藥華藥,620.0,635.0,616.0,631.0,1211228.0
2026-04-24,TWSE,6449,鈺邦,159.5,167.5,158.0,165.0,739205.0
2026-04-24,TWSE,6451,訊芯-KY,402.0,448.0,402.0,441.0,1408319.0
2026-04-24,TWSE,6456,GIS-KY,74.3,78.3,68.9,77.4,6834759.0
2026-04-24,TWSE,6464,台數科,76.0,76.5,75.1,76.3,75469.0
2026-04-24,TWSE,6472,保瑞,408.5,415.5,405.0,410.0,639637.0
2026-04-24,TWSE,6477,安集,33.75,34.55,33.35,34.25,384865.0
2026-04-24,TWSE,6491,晶碩,283.5,289.5,281.5,286.5,284309.0
2026-04-24,TWSE,6504,南六,40.0,40.95,39.8,40.95,20333.0
2026-04-24,TWSE,6505,台塑化,51.6,52.2,50.6,51.7,8322447.0
2026-04-24,TWSE,6515,穎崴,10060.0,11200.0,9960.0,10980.0,550302.0
2026-04-24,TWSE,6525,捷敏-KY,92.8,96.7,92.5,93.0,748405.0
2026-04-24,TWSE,6526,達發,601.0,611.0,577.0,579.0,4106366.0
2026-04-24,TWSE,6531,愛普*,788.0,863.0,785.0,850.0,14535765.0
2026-04-24,TWSE,6533,晶心科,247.0,252.0,241.0,248.0,2222419.0
2026-04-24,TWSE,6534,正瀚-創,96.7,98.8,93.1,98.8,187374.0
2026-04-24,TWSE,6541,泰福-KY,40.1,41.5,39.9,41.5,615123.0
2026-04-24,TWSE,6550,北極星藥業-KY,17.45,17.75,17.35,17.75,998161.0
2026-04-24,TWSE,6552,易華電,30.35,31.8,30.0,30.85,358615.0
2026-04-24,TWSE,6558,興能高,29.75,31.75,29.5,30.65,630264.0
2026-04-24,TWSE,6573,虹揚-KY,12.85,13.3,12.7,13.3,144000.0
2026-04-24,TWSE,6579,研揚,117.0,118.5,116.5,118.5,184354.0
2026-04-24,TWSE,6581,鋼聯,108.5,108.5,107.5,107.5,9246.0
2026-04-24,TWSE,6582,申豐,31.25,31.6,31.05,31.6,72094.0
2026-04-24,TWSE,6585,鼎基,86.0,88.6,85.7,88.0,97062.0
2026-04-24,TWSE,6589,台康生技,45.6,47.3,45.15,47.25,1832036.0
2026-04-24,TWSE,6591,動力-KY,57.2,57.9,56.5,57.2,317068.0
2026-04-24,TWSE,6592,和潤企業,62.2,62.9,62.1,62.5,386990.0
2026-04-24,TWSE,6598,ABC-KY,21.95,22.35,21.75,21.85,139230.0
2026-04-24,TWSE,6605,帝寶,127.0,129.5,126.0,128.5,445400.0
2026-04-24,TWSE,6606,建德工業,24.1,24.35,24.1,24.25,34571.0
2026-04-24,TWSE,6614,資拓宏宇,40.9,41.0,40.5,40.9,61021.0
2026-04-24,TWSE,6625,必應,74.1,75.1,74.0,74.9,150250.0
2026-04-24,TWSE,6641,基士德-KY,18.4,19.3,18.35,19.05,100638.0
2026-04-24,TWSE,6645,金萬林-創,13.0,13.2,12.8,13.0,37354.0
2026-04-24,TWSE,6655,科定,140.5,140.5,138.0,138.0,15575.0
2026-04-24,TWSE,6657,華安,42.1,42.55,41.9,42.15,204604.0
2026-04-24,TWSE,6658,聯策,110.5,110.5,102.5,103.0,8773691.0
2026-04-24,TWSE,6666,羅麗芬-KY,42.6,42.6,41.55,41.55,19251.0
2026-04-24,TWSE,6668,中揚光,35.45,36.2,35.2,36.05,371055.0
2026-04-24,TWSE,6669,緯穎,4635.0,4675.0,4320.0,4335.0,5019268.0
2026-04-24,TWSE,6670,復盛應用,252.0,256.0,250.5,255.0,473378.0
2026-04-24,TWSE,6671,三能-KY,30.0,31.1,30.0,31.1,31492.0
2026-04-24,TWSE,6672,騰輝電子-KY,210.5,210.5,200.0,206.0,13349945.0
2026-04-24,TWSE,6674,鋐寶科技,18.4,18.6,18.1,18.35,21020.0
2026-04-24,TWSE,6689,伊雲谷,70.0,72.5,69.7,72.3,370467.0
2026-04-24,TWSE,6691,洋基工程,675.0,696.0,669.0,681.0,1024817.0
2026-04-24,TWSE,6695,芯鼎,43.25,45.45,42.2,42.2,1490391.0
2026-04-24,TWSE,6698,旭暉應材,30.15,31.4,30.15,31.0,235007.0
2026-04-24,TWSE,6706,惠特,125.0,134.0,122.0,132.5,6290512.0
2026-04-24,TWSE,6715,嘉基,403.5,416.0,391.0,412.0,1312880.0
2026-04-24,TWSE,6719,力智,181.5,184.5,177.0,177.0,1120758.0
2026-04-24,TWSE,6722,輝創,39.25,39.25,39.0,39.05,56351.0
2026-04-24,TWSE,6742,澤米,40.45,42.2,40.05,41.1,250207.0
2026-04-24,TWSE,6743,安普新,25.3,25.3,25.3,25.3,365267.0
2026-04-24,TWSE,6753,龍德造船,143.0,148.0,141.0,145.5,1639542.0
2026-04-24,TWSE,6754,匯僑設計,46.75,47.0,46.45,47.0,7361.0
2026-04-24,TWSE,6756,威鋒電子,89.1,91.7,85.0,85.3,1535631.0
2026-04-24,TWSE,6757,台灣虎航,47.65,48.5,47.55,48.5,1101137.0
2026-04-24,TWSE,6768,志強-KY,77.6,79.3,76.4,79.3,1394532.0
2026-04-24,TWSE,6770,力積電,52.9,53.8,51.6,53.8,81283272.0
2026-04-24,TWSE,6771,平和環保-創,45.6,46.2,45.1,46.0,41056.0
2026-04-24,TWSE,6776,展碁國際,58.0,59.2,57.5,58.9,402319.0
2026-04-24,TWSE,6781,AES-KY,1115.0,1150.0,1080.0,1125.0,2390566.0
2026-04-24,TWSE,6782,視陽,221.0,234.5,220.0,229.0,464114.0
2026-04-24,TWSE,6789,采鈺,566.0,566.0,532.0,546.0,19370855.0
2026-04-24,TWSE,6790,永豐實,39.55,39.6,39.25,39.55,194848.0
2026-04-24,TWSE,6792,詠業,59.7,60.2,59.1,60.0,52894.0
2026-04-24,TWSE,6794,向榮生技,80.8,81.8,79.8,81.8,22593.0
2026-04-24,TWSE,6796,晉弘,71.0,71.6,71.0,71.6,19156.0
2026-04-24,TWSE,6799,來頡,92.7,93.7,87.5,87.8,1546418.0
2026-04-24,TWSE,6805,富世達,1915.0,2045.0,1875.0,1950.0,3541693.0
2026-04-24,TWSE,6806,森崴能源,23.35,24.9,23.35,24.05,580429.0
2026-04-24,TWSE,6807,峰源-KY,36.9,37.3,36.5,37.3,14514.0
2026-04-24,TWSE,6830,汎銓,723.0,785.0,723.0,782.0,736877.0
2026-04-24,TWSE,6831,邁科,490.0,541.0,485.5,533.0,2349589.0
2026-04-24,TWSE,6834,天二科技,34.35,36.75,34.35,35.7,366185.0
2026-04-24,TWSE,6835,圓裕,38.85,39.1,37.95,38.75,383361.0
2026-04-24,TWSE,6838,台新藥,27.2,27.95,26.85,27.95,218879.0
2026-04-24,TWSE,6854,錼創科技-KY創,169.5,181.0,167.5,175.5,1343944.0
2026-04-24,TWSE,6861,睿生光電,259.0,259.0,240.0,250.0,2107986.0
2026-04-24,TWSE,6862,三集瑞-KY,174.0,178.0,170.5,177.0,365037.0
2026-04-24,TWSE,6863,永道-KY,99.8,102.5,99.1,102.0,58004.0
2026-04-24,TWSE,6869,雲豹能源,82.3,86.6,82.2,86.6,685938.0
2026-04-24,TWSE,6873,泓德能源,87.2,90.3,85.4,90.1,788032.0
2026-04-24,TWSE,6885,全福生技,22.9,23.1,22.4,23.1,428528.0
2026-04-24,TWSE,6887,寶綠特-KY,38.1,39.0,38.1,38.45,8381.0
2026-04-24,TWSE,6890,來億-KY,159.0,167.0,157.0,166.0,460642.0
2026-04-24,TWSE,6901,鑽石投資,13.7,13.8,13.4,13.75,891874.0
2026-04-24,TWSE,6902,GOGOLOOK,118.5,130.0,115.0,118.0,1625065.0
2026-04-24,TWSE,6906,現觀科,66.3,67.3,65.6,66.7,82178.0
2026-04-24,TWSE,6908,宏碁遊戲-創,39.0,39.8,39.0,39.8,30301.0
2026-04-24,TWSE,6909,創控,58.6,63.9,58.0,61.4,3471900.0
2026-04-24,TWSE,6914,阜爾運通,147.0,148.5,146.5,148.0,144083.0
2026-04-24,TWSE,6916,華凌,19.15,19.15,18.5,18.75,31305.0
2026-04-24,TWSE,6918,愛派司,74.0,74.5,73.9,74.0,34695.0
2026-04-24,TWSE,6919,康霈*,99.7,111.5,99.0,109.5,11152432.0
2026-04-24,TWSE,6921,嘉雨思-創,94.1,99.1,92.8,99.0,84651.0
2026-04-24,TWSE,6923,中台,83.7,85.0,83.0,85.0,169693.0
2026-04-24,TWSE,6924,榮惠-KY創,88.5,90.3,88.2,90.3,4191.0
2026-04-24,TWSE,6928,攸泰科技,47.1,47.9,47.0,47.5,99235.0
2026-04-24,TWSE,6931,青松健康,50.0,50.0,49.4,50.0,124335.0
2026-04-24,TWSE,6933,AMAX-KY,175.5,181.0,172.5,175.5,423230.0
2026-04-24,TWSE,6934,心誠鎂,86.0,87.9,82.4,87.1,223860.0
2026-04-24,TWSE,6936,永鴻生技,34.6,35.35,33.8,34.8,50030.0
2026-04-24,TWSE,6937,天虹,293.5,306.0,291.0,297.0,1212633.0
2026-04-24,TWSE,6944,兆聯實業,986.0,1000.0,974.0,988.0,1232592.0
2026-04-24,TWSE,6949,沛爾生醫-創,840.0,925.0,840.0,925.0,114184.0
2026-04-24,TWSE,6951,青新-創,79.6,80.0,78.8,79.0,85578.0
2026-04-24,TWSE,6952,大武山,38.8,38.8,38.0,38.75,8581.0
2026-04-24,TWSE,6957,裕慶-KY,160.5,160.5,153.5,158.5,122335.0
2026-04-24,TWSE,6958,日盛台駿,19.2,19.65,19.0,19.0,104069.0
2026-04-24,TWSE,6962,奕力-KY,39.45,40.8,38.45,39.5,21112465.0
2026-04-24,TWSE,6965,中傑-KY,85.6,87.1,85.6,87.1,21459.0
2026-04-24,TWSE,6969,成信實業*-創,29.5,30.0,29.1,30.0,116300.0
2026-04-24,TWSE,6988,威力暘-創,14.0,14.5,14.0,14.5,37000.0
2026-04-24,TWSE,6994,富威電力,64.4,68.0,64.0,67.5,1638958.0
2026-04-24,TWSE,7610,聯友金屬-創,587.0,649.0,575.0,641.0,533444.0
2026-04-24,TWSE,7631,聚賢研發-創,132.5,138.0,132.5,138.0,31357.0
2026-04-24,TWSE,7705,三商餐飲,34.05,34.15,34.0,34.15,66581.0
2026-04-24,TWSE,7711,永擎,405.0,409.0,381.5,391.5,4762106.0
2026-04-24,TWSE,7721,微程式,72.3,79.2,71.5,79.0,1056776.0
2026-04-24,TWSE,7722,LINEPAY,287.0,300.5,283.5,299.0,300923.0
2026-04-24,TWSE,7730,暉盛-創,170.0,176.0,168.0,175.0,102861.0
2026-04-24,TWSE,7732,金興精密,35.6,36.25,34.8,36.25,13000.0
2026-04-24,TWSE,7736,虎山,79.8,80.0,78.2,78.3,102292.0
2026-04-24,TWSE,7740,熙特爾-創,197.0,205.0,188.0,205.0,580213.0
2026-04-24,TWSE,7749,意騰-KY,432.5,444.5,422.5,422.5,492944.0
2026-04-24,TWSE,7750,新代,2120.0,2325.0,2105.0,2300.0,1338587.0
2026-04-24,TWSE,7765,中華資安,221.5,223.5,220.5,221.5,81606.0
2026-04-24,TWSE,7769,鴻勁,4730.0,4925.0,4650.0,4840.0,1463618.0
2026-04-24,TWSE,7780,大研生醫*,18.85,19.35,18.75,19.35,3116487.0
2026-04-24,TWSE,7786,東方風能,130.5,133.5,129.0,132.5,223507.0
2026-04-24,TWSE,7788,松川精密,170.0,183.0,166.0,177.0,1103410.0
2026-04-24,TWSE,7791,皇家可口,65.2,65.8,65.0,65.4,57894.0
2026-04-24,TWSE,7795,長廣,390.5,429.0,390.5,406.0,832939.0
2026-04-24,TWSE,7799,禾榮科,386.0,404.5,383.5,397.0,392013.0
2026-04-24,TWSE,7821,神數,43.9,46.1,43.75,45.85,746709.0
2026-04-24,TWSE,7822,倍利科,1305.0,1395.0,1250.0,1375.0,480211.0
2026-04-24,TWSE,7823,奧義賽博-KY創,76.8,76.8,76.2,76.5,16697.0
2026-04-24,TWSE,8011,台通,20.0,20.8,19.8,20.75,1977835.0
2026-04-24,TWSE,8016,矽創,229.5,236.5,228.0,230.0,2172017.0
2026-04-24,TWSE,8021,尖點,451.0,490.0,448.5,490.0,5026170.0
2026-04-24,TWSE,8028,昇陽半導體,242.0,242.0,234.0,237.0,23754243.0
2026-04-24,TWSE,8033,雷虎,154.5,159.0,152.0,158.5,7211362.0
2026-04-24,TWSE,8039,台虹,138.0,143.0,133.5,143.0,22273432.0
2026-04-24,TWSE,8045,達運光電,75.3,76.5,72.5,76.5,357854.0
2026-04-24,TWSE,8046,南電,874.0,874.0,835.0,837.0,22699037.0
2026-04-24,TWSE,8070,長華*,46.85,48.1,46.45,47.45,2039254.0
2026-04-24,TWSE,8072,陞泰,29.2,29.2,28.2,29.2,313165.0
2026-04-24,TWSE,8081,致新,260.5,266.0,249.0,249.0,3154474.0
2026-04-24,TWSE,8101,華冠,13.55,13.7,13.5,13.7,16181.0
2026-04-24,TWSE,8103,瀚荃,106.0,111.0,102.0,103.0,5287169.0
2026-04-24,TWSE,8104,錸寶,34.75,36.25,34.6,35.85,737144.0
2026-04-24,TWSE,8105,凌巨,13.2,13.9,13.15,13.9,2186876.0
2026-04-24,TWSE,8110,華東,45.75,47.2,44.3,46.9,8882941.0
2026-04-24,TWSE,8112,至上,82.4,84.2,81.6,83.7,12267948.0
2026-04-24,TWSE,8114,振樺電,185.5,194.0,180.5,192.0,1042782.0
2026-04-24,TWSE,8131,福懋科,57.9,59.5,56.0,58.3,3554955.0
2026-04-24,TWSE,8150,南茂,69.8,73.6,68.7,72.1,36939229.0
2026-04-24,TWSE,8162,微矽電子-創,53.6,57.8,52.4,57.8,4584284.0
2026-04-24,TWSE,8163,達方,27.2,28.1,27.1,27.9,919371.0
2026-04-24,TWSE,8201,無敵,13.35,13.35,13.1,13.2,51472.0
2026-04-24,TWSE,8210,勤誠,1210.0,1210.0,1130.0,1165.0,5363957.0
2026-04-24,TWSE,8213,志超,37.9,38.45,37.35,38.45,512417.0
2026-04-24,TWSE,8215,明基材,25.05,26.35,25.05,26.35,2179950.0
2026-04-24,TWSE,8222,寶一,36.6,37.75,36.6,37.05,305562.0
2026-04-24,TWSE,8249,菱光,48.1,49.8,47.85,48.45,545529.0
2026-04-24,TWSE,8261,富鼎,116.0,122.0,115.0,120.0,3929829.0
2026-04-24,TWSE,8271,宇瞻,200.0,213.5,200.0,213.5,1825476.0
2026-04-24,TWSE,8341,日友,74.9,75.1,74.2,75.0,262454.0
2026-04-24,TWSE,8367,建新國際,42.75,42.85,42.7,42.85,45149.0
2026-04-24,TWSE,8374,羅昇,76.1,78.5,75.5,77.1,292480.0
2026-04-24,TWSE,8404,百和興業-KY,16.6,16.95,16.3,16.95,1089043.0
2026-04-24,TWSE,8411,福貞-KY,12.15,12.15,12.0,12.0,107504.0
2026-04-24,TWSE,8422,可寧衛*,28.7,29.3,28.5,29.1,12525376.0
2026-04-24,TWSE,8429,金麗-KY,6.61,6.67,6.58,6.6,364872.0
2026-04-24,TWSE,8438,昶昕,85.0,85.4,83.0,85.0,404317.0
2026-04-24,TWSE,8442,威宏-KY,49.95,50.8,49.6,50.6,91529.0
2026-04-24,TWSE,8443,阿瘦,11.95,11.95,11.85,11.85,11817.0
2026-04-24,TWSE,8454,富邦媒,170.0,173.5,169.5,173.0,695440.0
2026-04-24,TWSE,8462,柏文,143.5,146.0,143.0,145.0,110372.0
2026-04-24,TWSE,8463,潤泰材,22.55,22.7,22.35,22.4,23005.0
2026-04-24,TWSE,8464,億豐,356.0,360.5,349.5,357.5,1192610.0
2026-04-24,TWSE,8466,美吉吉-KY,17.05,17.25,17.0,17.1,78271.0
2026-04-24,TWSE,8467,波力-KY,149.0,149.5,146.5,149.0,39116.0
2026-04-24,TWSE,8473,山林水,36.35,36.7,36.2,36.7,322697.0
2026-04-24,TWSE,8476,台境*,18.0,18.15,17.55,17.85,475668.0
2026-04-24,TWSE,8478,東哥遊艇,169.0,173.5,167.0,173.0,157336.0
2026-04-24,TWSE,8481,政伸,41.4,41.4,41.05,41.35,28343.0
2026-04-24,TWSE,8482,商億-KY,50.2,50.2,50.2,50.2,2000.0
2026-04-24,TWSE,8487,愛爾達-創,78.9,78.9,78.0,78.1,24494.0
2026-04-24,TWSE,8488,吉源-KY,10.15,10.15,10.0,10.0,5000.0
2026-04-24,TWSE,8499,鼎炫-KY,270.0,277.0,262.0,272.0,124942.0
2026-04-24,TWSE,8926,台汽電,45.25,45.6,44.9,45.4,631756.0
2026-04-24,TWSE,8940,新天地,16.75,16.9,16.6,16.7,67566.0
2026-04-24,TWSE,8996,高力,1125.0,1185.0,1100.0,1185.0,1488109.0
2026-04-24,TWSE,9103,美德醫療-DR,4.71,4.81,4.68,4.81,973441.0
2026-04-24,TWSE,910322,康師傅-DR,24.75,25.3,24.7,25.1,34726.0
2026-04-24,TWSE,9105,泰金寶-DR,5.62,5.77,5.55,5.76,18495205.0
2026-04-24,TWSE,910861,神州-DR,4.25,4.3,4.19,4.3,469115.0
2026-04-24,TWSE,9110,越南控-DR,2.94,3.0,2.93,2.99,81000.0
2026-04-24,TWSE,911608,明輝-DR,2.82,2.84,2.75,2.8,14000.0
2026-04-24,TWSE,911622,泰聚亨-DR,3.64,3.64,3.62,3.62,3000.0
2026-04-24,TWSE,911868,同方友友-DR,1.25,1.25,1.23,1.25,65322.0
2026-04-24,TWSE,912000,晨訊科-DR,2.52,2.57,2.48,2.57,299484.0
2026-04-24,TWSE,9802,鈺齊-KY,74.3,75.9,73.5,75.9,1406854.0
2026-04-24,TWSE,9902,台火,14.65,14.7,14.45,14.7,86101.0
2026-04-24,TWSE,9904,寶成,26.6,26.8,26.5,26.8,14466394.0
2026-04-24,TWSE,9905,大華,21.65,21.7,21.15,21.3,205466.0
2026-04-24,TWSE,9906,欣巴巴,39.1,40.6,39.1,39.6,89140.0
2026-04-24,TWSE,9907,統一實,17.75,17.8,17.6,17.8,3779158.0
2026-04-24,TWSE,9908,大台北,29.5,29.7,29.5,29.6,373985.0
2026-04-24,TWSE,9910,豐泰,73.0,76.4,72.5,76.1,5056311.0
2026-04-24,TWSE,9911,櫻花,82.0,82.3,81.7,82.3,351418.0
2026-04-24,TWSE,9912,偉聯,12.35,12.5,12.2,12.35,41577.0
2026-04-24,TWSE,9914,美利達,57.5,59.9,57.3,59.7,2635911.0
2026-04-24,TWSE,9917,中保科,114.0,115.5,114.0,115.0,530196.0
2026-04-24,TWSE,9918,欣天然,43.2,44.25,42.95,44.25,94114.0
2026-04-24,TWSE,9919,康那香,14.25,14.5,14.2,14.5,278820.0
2026-04-24,TWSE,9921,巨大,67.3,68.5,67.0,68.5,1715699.0
2026-04-24,TWSE,9924,福興,44.1,44.4,44.0,44.4,115736.0
2026-04-24,TWSE,9925,新保,40.5,40.65,40.45,40.6,372616.0
2026-04-24,TWSE,9926,新海,49.5,49.5,49.0,49.35,41684.0
2026-04-24,TWSE,9927,泰銘,68.8,69.2,68.6,69.0,98729.0
2026-04-24,TWSE,9928,中視,17.55,17.55,17.55,17.55,2094.0
2026-04-24,TWSE,9929,秋雨,11.7,11.95,11.1,11.95,36053.0
2026-04-24,TWSE,9930,中聯資源,69.9,70.1,69.7,69.7,42058.0
2026-04-24,TWSE,9931,欣高,36.0,36.75,35.8,36.2,162536.0
2026-04-24,TWSE,9933,中鼎,36.95,37.75,36.85,37.35,4837981.0
2026-04-24,TWSE,9934,成霖,9.42,9.45,9.34,9.42,762290.0
2026-04-24,TWSE,9935,慶豐富,18.35,18.55,18.35,18.4,144244.0
2026-04-24,TWSE,9937,全國,56.4,56.5,55.9,56.5,62404.0
2026-04-24,TWSE,9938,百和,43.25,44.35,43.15,44.35,2165897.0
2026-04-24,TWSE,9939,宏全,112.5,114.5,111.5,114.5,1478550.0
2026-04-24,TWSE,9940,信義,19.95,20.0,19.75,19.85,522217.0
2026-04-24,TWSE,9941,裕融,78.0,79.6,77.4,79.3,1681912.0
2026-04-24,TWSE,9942,茂順,116.5,117.0,116.0,117.0,81420.0
2026-04-24,TWSE,9943,好樂迪,55.7,55.9,55.5,55.9,82045.0
2026-04-24,TWSE,9944,新麗,16.45,16.55,16.2,16.25,33700.0
2026-04-24,TWSE,9945,潤泰新,24.2,24.4,24.05,24.4,5580003.0
2026-04-24,TWSE,9946,三發地產,16.25,16.45,16.2,16.45,286442.0
2026-04-24,TWSE,9955,佳龍,29.15,29.95,29.0,29.7,398625.0
2026-04-24,TWSE,9958,世紀鋼,103.0,105.0,101.5,105.0,1574802.0
