date,strategyAsOfDate,ticker,name,close,high,low,currency,priceType,source,dataPolicy,ma5,ma10,ma20,ma60,ma200,rise60,changePct,nearLimitUp,volume,avgVolume20,volumeRatio,adx,kline,trend,volumeOk,priceVol,marketOk,score,strictOk,status,reason,pattern,neckline,support,target,stage,entryBreakout,entryPullback,chaseRangeLow,chaseRangeHigh,stopLoss,riskPct,winRate,distanceFromNecklinePct,distanceFromPrevHighPct,forbiddenChase,planStatus,confirmConditions,dataDate,dataFresh,priceVerified,marketRegime,marketRegimeImpact,originalSignal,adjustedSignal,holderAction,cashAction,riskWarning,marketFilterAllowsEntry,profitTakingAlert
2026-09-30,2026-09-30,HPE,HPE,63.89,67.1,63.59,USD,收盤確認價,Yahoo Finance via yfinance（日K完整收盤資料）,只使用完整收盤日K，不使用盤中未完成K,62.89,62.14,58.99,53.62,36.47,43.03,3.9,False,32721500,27989950,1.17,31.83,一般K,True,False,True,False,2,False,只觀察,均線多頭排列、價量趨勢成立,旗型整理突破,67.1,56.04,90.91,接近成形＋可觀察,68.44,67.1,68.44,70.5,65.09,-1.88,中,-4.79,4.79,False,預備單，等待確認條件,收盤站上頸線 67.1 至少2%；成交量>=20日均量2倍；不可長上影；隔日不跌破頸線；距離頸線>5%禁止進場,2026-09-30,True,True,STOP,STOP 停止進場,觀察,取消新進場，只保留觀察,只看續抱 / 減碼 / 停利 / 停損，不新增部位。,停止新進場，先保留現金，等待大盤止跌。,停止新進場，禁止顯示今日可進場。,False,False
2026-09-30,2026-09-30,PLTR,PLTR,187.05,190.99,187.0,USD,收盤確認價,Yahoo Finance via yfinance（日K完整收盤資料）,只使用完整收盤日K，不使用盤中未完成K,188.75,185.75,178.85,161.3,152.04,41.47,0.04,False,16833900,25086435,0.67,29.11,一般K,True,False,True,False,2,False,只觀察,均線多頭排列、價量趨勢成立,旗型整理突破,194.68,169.91,271.47,接近成形＋可觀察,198.57,194.68,198.57,204.53,188.84,-0.96,中,-3.92,3.92,False,預備單，等待確認條件,收盤站上頸線 194.68 至少2%；成交量>=20日均量2倍；不可長上影；隔日不跌破頸線；距離頸線>5%禁止進場,2026-09-30,True,True,STOP,STOP 停止進場,觀察,取消新進場，只保留觀察,只看續抱 / 減碼 / 停利 / 停損，不新增部位。,停止新進場，先保留現金，等待大盤止跌。,停止新進場，禁止顯示今日可進場。,False,False
2026-09-30,2026-09-30,ZS,ZS,199.42,202.87,196.89,USD,收盤確認價,Yahoo Finance via yfinance（日K完整收盤資料）,只使用完整收盤日K，不使用盤中未完成K,200.97,203.14,189.25,171.8,166.78,38.92,0.54,False,2087600,3940125,0.53,31.8,一般K,True,False,True,False,2,False,只觀察,均線多頭排列、價量趨勢成立,接近成形,216.97,179.79,295.91,接近成形＋可觀察,221.31,216.97,221.31,227.95,210.46,-5.54,中,-8.09,8.09,False,預備單，等待確認條件,收盤站上頸線 216.97 至少2%；成交量>=20日均量2倍；不可長上影；隔日不跌破頸線；距離頸線>5%禁止進場,2026-09-30,True,True,STOP,STOP 停止進場,觀察,取消新進場，只保留觀察,只看續抱 / 減碼 / 停利 / 停損，不新增部位。,停止新進場，先保留現金，等待大盤止跌。,停止新進場，禁止顯示今日可進場。,False,False
2026-09-30,2026-09-30,CRWD,CRWD,264.75,268.95,261.58,USD,收盤確認價,Yahoo Finance via yfinance（日K完整收盤資料）,只使用完整收盤日K，不使用盤中未完成K,259.71,254.38,236.4,213.4,152.1,38.53,0.77,False,8778600,11168695,0.79,39.27,一般K,True,False,True,False,2,False,只觀察,均線多頭排列、價量趨勢成立,旗型整理突破,268.95,224.58,363.76,接近成形＋可觀察,274.33,268.95,274.33,282.56,260.88,1.46,中,-1.56,1.56,False,預備單，等待確認條件,收盤站上頸線 268.95 至少2%；成交量>=20日均量2倍；不可長上影；隔日不跌破頸線；距離頸線>5%禁止進場,2026-09-30,True,True,STOP,STOP 停止進場,觀察,取消新進場，只保留觀察,只看續抱 / 減碼 / 停利 / 停損，不新增部位。,停止新進場，先保留現金，等待大盤止跌。,停止新進場，禁止顯示今日可進場。,False,False
2026-09-30,2026-09-30,MSFT,MSFT,512.9,519.83,510.31,USD,收盤確認價,Yahoo Finance via yfinance（日K完整收盤資料）,只使用完整收盤日K，不使用盤中未完成K,509.04,503.69,500.5,467.45,432.45,33.8,0.77,False,27197800,21349060,1.27,26.92,一般K,True,False,True,False,2,False,只觀察,均線多頭排列、價量趨勢成立,箱型突破,519.83,486.0,666.31,接近成形＋可觀察,530.23,519.83,530.23,546.13,504.24,1.69,中,-1.33,1.33,False,預備單，等待確認條件,收盤站上頸線 519.83 至少2%；成交量>=20日均量2倍；不可長上影；隔日不跌破頸線；距離頸線>5%禁止進場,2026-09-30,True,True,STOP,STOP 停止進場,觀察,取消新進場，只保留觀察,只看續抱 / 減碼 / 停利 / 停損，不新增部位。,停止新進場，先保留現金，等待大盤止跌。,停止新進場，禁止顯示今日可進場。,False,False
2026-09-30,2026-09-30,SMCI,SMCI,41.07,42.68,40.47,USD,收盤確認價,Yahoo Finance via yfinance（日K完整收盤資料）,只使用完整收盤日K，不使用盤中未完成K,41.73,41.23,39.63,34.45,31.89,45.79,0.12,False,31810400,38346090,0.83,24.66,一般K,True,False,False,False,1,False,只觀察,均線多頭排列,接近成形,43.76,37.65,64.14,接近成形＋可觀察,44.64,43.76,44.64,45.97,42.45,-3.35,中,-6.15,6.15,False,預備單，等待確認條件,收盤站上頸線 43.76 至少2%；成交量>=20日均量2倍；不可長上影；隔日不跌破頸線；距離頸線>5%禁止進場,2026-09-30,True,True,STOP,STOP 停止進場,觀察,取消新進場，只保留觀察,只看續抱 / 減碼 / 停利 / 停損，不新增部位。,停止新進場，先保留現金，等待大盤止跌。,停止新進場，禁止顯示今日可進場。,False,False
2026-09-30,2026-09-30,CRM,CRM,229.57,233.76,224.43,USD,收盤確認價,Yahoo Finance via yfinance（日K完整收盤資料）,只使用完整收盤日K，不使用盤中未完成K,230.88,234.24,243.63,208.95,200.73,37.81,1.89,False,11228200,12731320,0.88,41.16,一般K,False,False,True,False,1,False,只觀察,價量趨勢成立,接近成形,268.27,231.45,381.39,接近成形＋可觀察,273.64,268.27,273.64,281.84,260.22,-13.35,低,-14.43,14.43,True,距離頸線或前高過遠，禁止追高,收盤站上頸線 268.27 至少2%；成交量>=20日均量2倍；不可長上影；隔日不跌破頸線；距離頸線>5%禁止進場,2026-09-30,True,True,STOP,STOP 停止進場,觀察,取消新進場，只保留觀察,只看續抱 / 減碼 / 停利 / 停損，不新增部位。,停止新進場，先保留現金，等待大盤止跌。,停止新進場，禁止顯示今日可進場。,False,False
2026-09-30,2026-09-30,SNOW,SNOW,339.56,348.28,330.55,USD,收盤確認價,Yahoo Finance via yfinance（日K完整收盤資料）,只使用完整收盤日K，不使用盤中未完成K,333.59,334.95,333.05,312.11,226.74,29.95,2.8,False,5705400,5751020,0.99,17.38,一般K,True,False,False,False,1,False,只觀察,均線多頭排列,旗型整理突破,384.56,316.4,516.12,接近成形＋可觀察,392.25,384.56,392.25,404.02,373.02,-9.85,低,-11.7,11.7,True,距離頸線或前高過遠，禁止追高,收盤站上頸線 384.56 至少2%；成交量>=20日均量2倍；不可長上影；隔日不跌破頸線；距離頸線>5%禁止進場,2026-09-30,True,True,STOP,STOP 停止進場,觀察,取消新進場，只保留觀察,只看續抱 / 減碼 / 停利 / 停損，不新增部位。,停止新進場，先保留現金，等待大盤止跌。,停止新進場，禁止顯示今日可進場。,False,False
2026-09-30,2026-09-30,NET,NET,347.28,357.64,346.15,USD,收盤確認價,Yahoo Finance via yfinance（日K完整收盤資料）,只使用完整收盤日K，不使用盤中未完成K,352.27,347.59,325.52,299.24,233.7,27.02,-1.41,False,2589900,3147640,0.82,35.02,一般K,True,False,False,False,1,False,只觀察,均線多頭排列,接近成形,367.43,309.25,484.17,接近成形＋可觀察,374.78,367.43,374.78,386.02,356.41,-2.63,中,-5.48,5.48,False,預備單，等待確認條件,收盤站上頸線 367.43 至少2%；成交量>=20日均量2倍；不可長上影；隔日不跌破頸線；距離頸線>5%禁止進場,2026-09-30,True,True,STOP,STOP 停止進場,觀察,取消新進場，只保留觀察,只看續抱 / 減碼 / 停利 / 停損，不新增部位。,停止新進場，先保留現金，等待大盤止跌。,停止新進場，禁止顯示今日可進場。,False,False
2026-09-30,2026-09-30,SHOP,SHOP,148.3,151.73,147.04,USD,收盤確認價,Yahoo Finance via yfinance（日K完整收盤資料）,只使用完整收盤日K，不使用盤中未完成K,145.6,141.31,137.8,136.7,129.67,24.39,0.03,False,7010300,10548445,0.66,24.47,一般K,True,False,False,False,1,False,只觀察,均線多頭排列,旗型整理突破,151.73,130.91,192.4,接近成形＋可觀察,154.76,151.73,154.76,159.4,147.17,0.76,中,-2.26,6.65,False,預備單，等待確認條件,收盤站上頸線 151.73 至少2%；成交量>=20日均量2倍；不可長上影；隔日不跌破頸線；距離頸線>5%禁止進場,2026-09-30,True,True,STOP,STOP 停止進場,觀察,取消新進場，只保留觀察,只看續抱 / 減碼 / 停利 / 停損，不新增部位。,停止新進場，先保留現金，等待大盤止跌。,停止新進場，禁止顯示今日可進場。,False,False
2026-09-30,2026-09-30,PANW,PANW,397.31,404.69,388.89,USD,收盤確認價,Yahoo Finance via yfinance（日K完整收盤資料）,只使用完整收盤日K，不使用盤中未完成K,388.49,382.07,364.02,356.33,248.23,23.93,2.29,False,6084900,6764775,0.9,25.81,一般K,True,False,False,False,1,False,只觀察,均線多頭排列,接近成形,404.69,345.82,500.84,接近成形＋可觀察,412.78,404.69,412.78,425.17,392.55,1.2,中,-1.82,1.82,False,預備單，等待確認條件,收盤站上頸線 404.69 至少2%；成交量>=20日均量2倍；不可長上影；隔日不跌破頸線；距離頸線>5%禁止進場,2026-09-30,True,True,STOP,STOP 停止進場,觀察,取消新進場，只保留觀察,只看續抱 / 減碼 / 停利 / 停損，不新增部位。,停止新進場，先保留現金，等待大盤止跌。,停止新進場，禁止顯示今日可進場。,False,False
2026-09-30,2026-09-30,AMD,AMD,611.76,615.17,600.1,USD,收盤確認價,Yahoo Finance via yfinance（日K完整收盤資料）,只使用完整收盤日K，不使用盤中未完成K,617.42,604.59,549.67,513.29,370.57,18.24,0.69,False,16685700,22191000,0.75,46.31,紅K突破,True,False,False,False,1,False,只觀察,均線多頭排列,接近成形,639.0,522.19,853.97,接近成形＋可觀察,651.78,639.0,651.78,671.33,619.83,-1.32,中,-4.26,4.26,False,預備單，等待確認條件,收盤站上頸線 639.0 至少2%；成交量>=20日均量2倍；不可長上影；隔日不跌破頸線；距離頸線>5%禁止進場,2026-09-30,True,True,STOP,STOP 停止進場,觀察,取消新進場，只保留觀察,只看續抱 / 減碼 / 停利 / 停損，不新增部位。,停止新進場，先保留現金，等待大盤止跌。,停止新進場，禁止顯示今日可進場。,False,False
2026-09-30,2026-09-30,MRVL,MRVL,264.21,265.0,256.24,USD,收盤確認價,Yahoo Finance via yfinance（日K完整收盤資料）,只使用完整收盤日K，不使用盤中未完成K,260.05,256.59,239.92,222.55,165.05,14.03,0.36,False,11903700,17642815,0.67,30.31,下影線,True,False,False,False,1,False,只觀察,均線多頭排列,旗型整理突破,267.48,227.93,372.06,接近成形＋可觀察,272.83,267.48,272.83,281.01,259.46,1.8,中,-1.22,1.22,False,預備單，等待確認條件,收盤站上頸線 267.48 至少2%；成交量>=20日均量2倍；不可長上影；隔日不跌破頸線；距離頸線>5%禁止進場,2026-09-30,True,True,STOP,STOP 停止進場,觀察,取消新進場，只保留觀察,只看續抱 / 減碼 / 停利 / 停損，不新增部位。,停止新進場，先保留現金，等待大盤止跌。,停止新進場，禁止顯示今日可進場。,False,False
2026-09-30,2026-09-30,TER,TER,400.91,404.46,393.14,USD,收盤確認價,Yahoo Finance via yfinance（日K完整收盤資料）,只使用完整收盤日K，不使用盤中未完成K,398.26,388.53,371.57,368.13,332.68,14.03,-0.52,False,1523800,2465680,0.62,20.51,下影線,True,False,False,False,1,False,只觀察,均線多頭排列,旗型整理突破,415.61,352.99,534.4,接近成形＋可觀察,423.92,415.61,423.92,436.64,403.14,-0.56,中,-3.54,9.74,False,預備單，等待確認條件,收盤站上頸線 415.61 至少2%；成交量>=20日均量2倍；不可長上影；隔日不跌破頸線；距離頸線>5%禁止進場,2026-09-30,True,True,STOP,STOP 停止進場,觀察,取消新進場，只保留觀察,只看續抱 / 減碼 / 停利 / 停損，不新增部位。,停止新進場，先保留現金，等待大盤止跌。,停止新進場，禁止顯示今日可進場。,False,False
2026-09-30,2026-09-30,ANET,ANET,203.59,207.43,203.09,USD,收盤確認價,Yahoo Finance via yfinance（日K完整收盤資料）,只使用完整收盤日K，不使用盤中未完成K,204.72,203.66,198.13,189.67,158.11,12.45,0.36,False,4876700,4792920,1.02,18.56,一般K,True,False,False,False,1,False,只觀察,均線多頭排列,接近成形,212.0,188.22,267.16,接近成形＋可觀察,216.24,212.0,216.24,222.73,205.64,-1.01,中,-3.97,5.26,False,預備單，等待確認條件,收盤站上頸線 212.0 至少2%；成交量>=20日均量2倍；不可長上影；隔日不跌破頸線；距離頸線>5%禁止進場,2026-09-30,True,True,STOP,STOP 停止進場,觀察,取消新進場，只保留觀察,只看續抱 / 減碼 / 停利 / 停損，不新增部位。,停止新進場，先保留現金，等待大盤止跌。,停止新進場，禁止顯示今日可進場。,False,False
2026-09-30,2026-09-30,MU,MU,1065.11,1083.5,1062.36,USD,收盤確認價,Yahoo Finance via yfinance（日K完整收盤資料）,只使用完整收盤日K，不使用盤中未完成K,1069.4,1055.23,1012.1,947.7,673.15,12.26,0.0,False,30538500,24969085,1.22,24.28,一般K,True,False,False,False,1,False,只觀察,均線多頭排列,旗型整理突破,1108.72,961.49,1479.56,接近成形＋可觀察,1130.89,1108.72,1130.89,1164.82,1075.46,-0.97,中,-3.93,3.93,False,預備單，等待確認條件,收盤站上頸線 1108.72 至少2%；成交量>=20日均量2倍；不可長上影；隔日不跌破頸線；距離頸線>5%禁止進場,2026-09-30,True,True,STOP,STOP 停止進場,觀察,取消新進場，只保留觀察,只看續抱 / 減碼 / 停利 / 停損，不新增部位。,停止新進場，先保留現金，等待大盤止跌。,停止新進場，禁止顯示今日可進場。,False,False
2026-09-30,2026-09-30,NVDA,NVDA,228.38,232.37,228.17,USD,收盤確認價,Yahoo Finance via yfinance（日K完整收盤資料）,只使用完整收盤日K，不使用盤中未完成K,226.82,225.75,223.19,215.61,200.15,11.89,0.51,False,121269300,112844165,1.07,11.23,一般K,True,False,False,False,1,False,只觀察,均線多頭排列,旗型整理突破,234.76,212.03,279.51,接近成形＋可觀察,239.46,234.76,239.46,246.64,227.72,0.29,中,-2.72,2.72,False,預備單，等待確認條件,收盤站上頸線 234.76 至少2%；成交量>=20日均量2倍；不可長上影；隔日不跌破頸線；距離頸線>5%禁止進場,2026-09-30,True,True,STOP,STOP 停止進場,觀察,取消新進場，只保留觀察,只看續抱 / 減碼 / 停利 / 停損，不新增部位。,停止新進場，先保留現金，等待大盤止跌。,停止新進場，禁止顯示今日可進場。,False,False
2026-09-30,2026-09-30,INTC,INTC,120.23,120.55,116.0,USD,收盤確認價,Yahoo Finance via yfinance（日K完整收盤資料）,只使用完整收盤日K，不使用盤中未完成K,120.52,118.82,108.75,100.8,80.36,9.06,3.71,False,94551100,109233830,0.87,42.67,紅K突破,True,False,False,False,1,False,只觀察,均線多頭排列,旗型整理突破,127.44,103.32,173.09,接近成形＋可觀察,129.99,127.44,129.99,133.89,123.62,-2.82,中,-5.66,5.66,False,預備單，等待確認條件,收盤站上頸線 127.44 至少2%；成交量>=20日均量2倍；不可長上影；隔日不跌破頸線；距離頸線>5%禁止進場,2026-09-30,True,True,STOP,STOP 停止進場,觀察,取消新進場，只保留觀察,只看續抱 / 減碼 / 停利 / 停損，不新增部位。,停止新進場，先保留現金，等待大盤止跌。,停止新進場，禁止顯示今日可進場。,False,False
2026-09-30,2026-09-30,ETN,ETN,429.71,434.75,428.0,USD,收盤確認價,Yahoo Finance via yfinance（日K完整收盤資料）,只使用完整收盤日K，不使用盤中未完成K,434.87,432.53,418.97,418.16,388.07,7.55,-0.82,False,1862100,2084680,0.89,15.49,一般K,True,False,False,False,1,False,只觀察,均線多頭排列,接近成形,447.33,398.02,536.53,接近成形＋可觀察,456.28,447.33,456.28,469.96,433.91,-0.98,低,-3.94,10.1,True,距離頸線或前高過遠，禁止追高,收盤站上頸線 447.33 至少2%；成交量>=20日均量2倍；不可長上影；隔日不跌破頸線；距離頸線>5%禁止進場,2026-09-30,True,True,STOP,STOP 停止進場,觀察,取消新進場，只保留觀察,只看續抱 / 減碼 / 停利 / 停損，不新增部位。,停止新進場，先保留現金，等待大盤止跌。,停止新進場，禁止顯示今日可進場。,False,False
2026-09-30,2026-09-30,STX,STX,922.34,928.92,907.03,USD,收盤確認價,Yahoo Finance via yfinance（日K完整收盤資料）,只使用完整收盤日K，不使用盤中未完成K,916.01,896.3,863.14,853.63,644.6,7.25,0.97,False,3080400,3773565,0.82,13.31,紅K突破,True,False,False,False,1,False,只觀察,均線多頭排列,旗型整理突破,944.43,819.98,1189.87,接近成形＋可觀察,963.32,944.43,963.32,992.22,916.1,0.68,中,-2.34,9.04,False,預備單，等待確認條件,收盤站上頸線 944.43 至少2%；成交量>=20日均量2倍；不可長上影；隔日不跌破頸線；距離頸線>5%禁止進場,2026-09-30,True,True,STOP,STOP 停止進場,觀察,取消新進場，只保留觀察,只看續抱 / 減碼 / 停利 / 停損，不新增部位。,停止新進場，先保留現金，等待大盤止跌。,停止新進場，禁止顯示今日可進場。,False,False
2026-09-30,2026-09-30,AAPL,AAPL,333.02,339.5,330.14,USD,收盤確認價,Yahoo Finance via yfinance（日K完整收盤資料）,只使用完整收盤日K，不使用盤中未完成K,335.56,336.67,331.35,322.17,288.6,6.26,1.1,False,49931500,42303870,1.18,31.08,一般K,True,False,False,False,1,False,只觀察,均線多頭排列,接近成形,345.34,314.79,390.68,接近成形＋可觀察,352.25,345.34,352.25,362.81,334.98,-0.59,中,-3.57,3.57,False,預備單，等待確認條件,收盤站上頸線 345.34 至少2%；成交量>=20日均量2倍；不可長上影；隔日不跌破頸線；距離頸線>5%禁止進場,2026-09-30,True,True,STOP,STOP 停止進場,觀察,取消新進場，只保留觀察,只看續抱 / 減碼 / 停利 / 停損，不新增部位。,停止新進場，先保留現金，等待大盤止跌。,停止新進場，禁止顯示今日可進場。,False,False
2026-09-30,2026-09-30,TSM,TSM,456.19,461.87,454.9,USD,收盤確認價,Yahoo Finance via yfinance（日K完整收盤資料）,只使用完整收盤日K，不使用盤中未完成K,453.55,447.64,436.15,422.57,385.41,4.4,-0.16,False,8974800,9960920,0.9,18.24,一般K,True,False,False,False,1,False,只觀察,均線多頭排列,箱型突破,461.87,414.34,551.02,接近成形＋可觀察,471.11,461.87,471.11,485.24,448.01,1.79,中,-1.23,1.23,False,預備單，等待確認條件,收盤站上頸線 461.87 至少2%；成交量>=20日均量2倍；不可長上影；隔日不跌破頸線；距離頸線>5%禁止進場,2026-09-30,True,True,STOP,STOP 停止進場,觀察,取消新進場，只保留觀察,只看續抱 / 減碼 / 停利 / 停損，不新增部位。,停止新進場，先保留現金，等待大盤止跌。,停止新進場，禁止顯示今日可進場。,False,False
2026-09-30,2026-09-30,QCOM,QCOM,184.04,188.34,183.15,USD,收盤確認價,Yahoo Finance via yfinance（日K完整收盤資料）,只使用完整收盤日K，不使用盤中未完成K,190.37,190.8,183.87,172.42,169.21,-1.35,-0.03,False,7401000,14800570,0.5,33.26,一般K,True,False,False,False,1,False,只觀察,均線多頭排列,接近成形,205.85,174.68,268.81,接近成形＋可觀察,209.97,205.85,209.97,216.27,199.67,-8.5,低,-10.6,10.6,True,距離頸線或前高過遠，禁止追高,收盤站上頸線 205.85 至少2%；成交量>=20日均量2倍；不可長上影；隔日不跌破頸線；距離頸線>5%禁止進場,2026-09-30,True,True,STOP,STOP 停止進場,觀察,取消新進場，只保留觀察,只看續抱 / 減碼 / 停利 / 停損，不新增部位。,停止新進場，先保留現金，等待大盤止跌。,停止新進場，禁止顯示今日可進場。,False,False
2026-09-30,2026-09-30,ARM,ARM,289.66,295.99,283.5,USD,收盤確認價,Yahoo Finance via yfinance（日K完整收盤資料）,只使用完整收盤日K，不使用盤中未完成K,296.66,301.25,275.58,269.22,214.07,-3.52,-1.37,False,4149500,5814000,0.71,34.39,一般K,True,False,False,False,1,False,只觀察,均線多頭排列,接近成形,336.98,261.8,454.57,接近成形＋可觀察,343.72,336.98,343.72,354.03,326.87,-12.85,低,-14.04,14.67,True,距離頸線或前高過遠，禁止追高,收盤站上頸線 336.98 至少2%；成交量>=20日均量2倍；不可長上影；隔日不跌破頸線；距離頸線>5%禁止進場,2026-09-30,True,True,STOP,STOP 停止進場,觀察,取消新進場，只保留觀察,只看續抱 / 減碼 / 停利 / 停損，不新增部位。,停止新進場，先保留現金，等待大盤止跌。,停止新進場，禁止顯示今日可進場。,False,False
2026-09-30,2026-09-30,MSTR,MSTR,153.09,163.53,152.02,USD,收盤確認價,Yahoo Finance via yfinance（日K完整收盤資料）,只使用完整收盤日K，不使用盤中未完成K,157.02,156.93,145.08,116.86,136.08,63.09,-1.02,False,17462000,23426745,0.75,35.53,長黑,False,False,False,False,0,False,只觀察,條件不足,接近成形,171.19,137.83,253.17,接近成形＋可觀察,174.61,171.19,174.61,179.85,166.05,-8.47,低,-10.57,10.57,True,距離頸線或前高過遠，禁止追高,收盤站上頸線 171.19 至少2%；成交量>=20日均量2倍；不可長上影；隔日不跌破頸線；距離頸線>5%禁止進場,2026-09-30,True,True,STOP,STOP 停止進場,觀察,取消新進場，只保留觀察,只看續抱 / 減碼 / 停利 / 停損，不新增部位。,停止新進場，先保留現金，等待大盤止跌。,停止新進場，禁止顯示今日可進場。,False,False
2026-09-30,2026-09-30,DELL,DELL,537.95,553.48,537.67,USD,收盤確認價,Yahoo Finance via yfinance（日K完整收盤資料）,只使用完整收盤日K，不使用盤中未完成K,543.98,555.04,543.36,473.55,288.93,24.53,-0.3,False,4885700,10783275,0.45,42.59,一般K,False,False,False,False,0,False,只觀察,條件不足,接近成形,595.51,516.19,832.14,接近成形＋可觀察,607.42,595.51,607.42,625.64,577.64,-7.38,中,-9.67,9.67,False,預備單，等待確認條件,收盤站上頸線 595.51 至少2%；成交量>=20日均量2倍；不可長上影；隔日不跌破頸線；距離頸線>5%禁止進場,2026-09-30,True,True,STOP,STOP 停止進場,觀察,取消新進場，只保留觀察,只看續抱 / 減碼 / 停利 / 停損，不新增部位。,停止新進場，先保留現金，等待大盤止跌。,停止新進場，禁止顯示今日可進場。,False,False
2026-09-30,2026-09-30,NOW,NOW,134.01,135.08,128.85,USD,收盤確認價,Yahoo Finance via yfinance（日K完整收盤資料）,只使用完整收盤日K，不使用盤中未完成K,133.76,135.82,136.74,123.9,116.03,24.34,3.13,False,9002800,12500705,0.72,12.93,紅K突破,False,False,False,False,0,False,只觀察,條件不足,接近成形,147.57,129.91,203.61,接近成形＋可觀察,150.52,147.57,150.52,155.04,143.14,-6.82,低,-9.19,10.42,True,距離頸線或前高過遠，禁止追高,收盤站上頸線 147.57 至少2%；成交量>=20日均量2倍；不可長上影；隔日不跌破頸線；距離頸線>5%禁止進場,2026-09-30,True,True,STOP,STOP 停止進場,觀察,取消新進場，只保留觀察,只看續抱 / 減碼 / 停利 / 停損，不新增部位。,停止新進場，先保留現金，等待大盤止跌。,停止新進場，禁止顯示今日可進場。,False,False
2026-09-30,2026-09-30,AI,AI,10.99,11.06,10.42,USD,收盤確認價,Yahoo Finance via yfinance（日K完整收盤資料）,只使用完整收盤日K，不使用盤中未完成K,10.63,10.7,10.66,9.92,10.3,24.04,6.29,False,5316100,5212980,1.02,27.79,紅K突破,False,False,False,False,0,False,只觀察,條件不足,旗型整理突破,11.38,10.13,14.84,接近成形＋可觀察,11.6,11.38,11.6,11.95,11.03,-0.4,中,-3.38,3.38,False,預備單，等待確認條件,收盤站上頸線 11.38 至少2%；成交量>=20日均量2倍；不可長上影；隔日不跌破頸線；距離頸線>5%禁止進場,2026-09-30,True,True,STOP,STOP 停止進場,觀察,取消新進場，只保留觀察,只看續抱 / 減碼 / 停利 / 停損，不新增部位。,停止新進場，先保留現金，等待大盤止跌。,停止新進場，禁止顯示今日可進場。,False,False
2026-09-30,2026-09-30,META,META,725.18,738.25,721.3,USD,收盤確認價,Yahoo Finance via yfinance（日K完整收盤資料）,只使用完整收盤日K，不使用盤中未完成K,741.77,727.88,683.39,625.57,627.57,20.24,-1.84,False,19240800,24209130,0.79,76.38,一般K,False,False,False,False,0,False,只觀察,條件不足,接近成形,779.82,649.22,1035.15,接近成形＋可觀察,795.42,779.82,795.42,819.28,756.43,-4.31,中,-7.01,7.01,False,預備單，等待確認條件,收盤站上頸線 779.82 至少2%；成交量>=20日均量2倍；不可長上影；隔日不跌破頸線；距離頸線>5%禁止進場,2026-09-30,True,True,STOP,STOP 停止進場,觀察,取消新進場，只保留觀察,只看續抱 / 減碼 / 停利 / 停損，不新增部位。,停止新進場，先保留現金，等待大盤止跌。,停止新進場，禁止顯示今日可進場。,False,False
2026-09-30,2026-09-30,COIN,COIN,186.41,198.66,184.29,USD,收盤確認價,Yahoo Finance via yfinance（日K完整收盤資料）,只使用完整收盤日K，不使用盤中未完成K,192.51,193.1,185.63,170.23,186.14,16.97,-1.9,False,8349000,9660015,0.86,19.43,長黑,False,False,False,False,0,False,只觀察,條件不足,接近成形,208.33,176.35,277.55,接近成形＋可觀察,212.5,208.33,212.5,218.87,202.08,-8.41,低,-10.52,10.52,True,距離頸線或前高過遠，禁止追高,收盤站上頸線 208.33 至少2%；成交量>=20日均量2倍；不可長上影；隔日不跌破頸線；距離頸線>5%禁止進場,2026-09-30,True,True,STOP,STOP 停止進場,觀察,取消新進場，只保留觀察,只看續抱 / 減碼 / 停利 / 停損，不新增部位。,停止新進場，先保留現金，等待大盤止跌。,停止新進場，禁止顯示今日可進場。,False,False
2026-09-30,2026-09-30,REGN,REGN,758.27,763.72,742.94,USD,收盤確認價,Yahoo Finance via yfinance（日K完整收盤資料）,只使用完整收盤日K，不使用盤中未完成K,769.02,782.33,794.08,762.64,736.16,14.39,1.03,False,872400,734620,1.19,23.58,紅K突破,False,False,False,False,0,False,只觀察,條件不足,接近成形,859.34,754.38,1080.88,接近成形＋可觀察,876.53,859.34,876.53,902.82,833.56,-9.93,低,-11.76,11.76,True,距離頸線或前高過遠，禁止追高,收盤站上頸線 859.34 至少2%；成交量>=20日均量2倍；不可長上影；隔日不跌破頸線；距離頸線>5%禁止進場,2026-09-30,True,True,STOP,STOP 停止進場,觀察,取消新進場，只保留觀察,只看續抱 / 減碼 / 停利 / 停損，不新增部位。,停止新進場，先保留現金，等待大盤止跌。,停止新進場，禁止顯示今日可進場。,False,False
2026-09-30,2026-09-30,ABNB,ABNB,160.65,162.46,157.0,USD,收盤確認價,Yahoo Finance via yfinance（日K完整收盤資料）,只使用完整收盤日K，不使用盤中未完成K,156.51,159.29,166.59,165.02,143.18,12.38,2.35,False,4603600,5027155,0.92,48.48,紅K突破,False,False,False,False,0,False,只觀察,條件不足,旗型整理突破,187.36,158.26,239.0,接近成形＋可觀察,191.11,187.36,191.11,196.84,181.74,-13.13,低,-14.26,16.96,True,距離頸線或前高過遠，禁止追高,收盤站上頸線 187.36 至少2%；成交量>=20日均量2倍；不可長上影；隔日不跌破頸線；距離頸線>5%禁止進場,2026-09-30,True,True,STOP,STOP 停止進場,觀察,取消新進場，只保留觀察,只看續抱 / 減碼 / 停利 / 停損，不新增部位。,停止新進場，先保留現金，等待大盤止跌。,停止新進場，禁止顯示今日可進場。,False,False
2026-09-30,2026-09-30,ROKU,ROKU,152.28,153.51,151.96,USD,收盤確認價,Yahoo Finance via yfinance（日K完整收盤資料）,只使用完整收盤日K，不使用盤中未完成K,152.62,153.29,154.55,151.07,122.82,9.36,0.09,False,1459300,2138650,0.68,34.36,一般K,False,False,False,False,0,False,只觀察,條件不足,接近成形,158.85,151.6,178.89,接近成形＋可觀察,162.03,158.85,162.03,166.89,154.08,-1.18,中,-4.14,4.76,False,預備單，等待確認條件,收盤站上頸線 158.85 至少2%；成交量>=20日均量2倍；不可長上影；隔日不跌破頸線；距離頸線>5%禁止進場,2026-09-30,True,True,STOP,STOP 停止進場,觀察,取消新進場，只保留觀察,只看續抱 / 減碼 / 停利 / 停損，不新增部位。,停止新進場，先保留現金，等待大盤止跌。,停止新進場，禁止顯示今日可進場。,False,False
2026-09-30,2026-09-30,DDOG,DDOG,273.85,277.5,269.79,USD,收盤確認價,Yahoo Finance via yfinance（日K完整收盤資料）,只使用完整收盤日K，不使用盤中未完成K,267.23,254.61,237.63,246.53,183.51,4.89,1.97,False,2788700,3631385,0.77,39.55,一般K,False,False,False,False,0,False,只觀察,條件不足,接近成形,280.7,225.75,358.16,接近成形＋可觀察,286.31,280.7,286.31,294.9,272.28,0.57,中,-2.44,6.45,False,預備單，等待確認條件,收盤站上頸線 280.7 至少2%；成交量>=20日均量2倍；不可長上影；隔日不跌破頸線；距離頸線>5%禁止進場,2026-09-30,True,True,STOP,STOP 停止進場,觀察,取消新進場，只保留觀察,只看續抱 / 減碼 / 停利 / 停損，不新增部位。,停止新進場，先保留現金，等待大盤止跌。,停止新進場，禁止顯示今日可進場。,False,False
2026-09-30,2026-09-30,VRTX,VRTX,522.81,529.72,522.74,USD,收盤確認價,Yahoo Finance via yfinance（日K完整收盤資料）,只使用完整收盤日K，不使用盤中未完成K,525.16,519.25,524.04,511.54,473.1,4.89,-0.74,False,1146000,1030150,1.11,40.13,一般K,False,False,False,False,0,False,只觀察,條件不足,旗型整理突破,560.25,501.01,655.5,接近成形＋可觀察,571.46,560.25,571.46,588.6,543.44,-3.95,中,-6.68,6.68,False,預備單，等待確認條件,收盤站上頸線 560.25 至少2%；成交量>=20日均量2倍；不可長上影；隔日不跌破頸線；距離頸線>5%禁止進場,2026-09-30,True,True,STOP,STOP 停止進場,觀察,取消新進場，只保留觀察,只看續抱 / 減碼 / 停利 / 停損，不新增部位。,停止新進場，先保留現金，等待大盤止跌。,停止新進場，禁止顯示今日可進場。,False,False
2026-09-30,2026-09-30,CEG,CEG,254.02,263.71,247.2,USD,收盤確認價,Yahoo Finance via yfinance（日K完整收盤資料）,只使用完整收盤日K，不使用盤中未完成K,260.78,261.09,271.63,269.11,288.76,3.89,-3.99,False,4407100,2968040,1.48,39.61,一般K,False,False,False,False,0,False,只觀察,條件不足,接近成形,305.8,258.05,375.04,接近成形＋可觀察,311.92,305.8,311.92,321.27,296.63,-16.77,低,-16.93,16.93,True,距離頸線或前高過遠，禁止追高,收盤站上頸線 305.8 至少2%；成交量>=20日均量2倍；不可長上影；隔日不跌破頸線；距離頸線>5%禁止進場,2026-09-30,True,True,STOP,STOP 停止進場,觀察,取消新進場，只保留觀察,只看續抱 / 減碼 / 停利 / 停損，不新增部位。,停止新進場，先保留現金，等待大盤止跌。,停止新進場，禁止顯示今日可進場。,False,False
2026-09-30,2026-09-30,ASML,ASML,1811.67,1830.0,1808.96,USD,收盤確認價,Yahoo Finance via yfinance（日K完整收盤資料）,只使用完整收盤日K，不使用盤中未完成K,1776.78,1739.73,1704.48,1729.47,1535.25,2.43,-1.24,False,1220700,1341160,0.91,17.97,一般K,False,False,False,False,0,False,只觀察,條件不足,接近成形,1841.77,1619.26,2152.9,接近成形＋可觀察,1878.61,1841.77,1878.61,1934.96,1786.52,1.39,中,-1.63,4.47,False,預備單，等待確認條件,收盤站上頸線 1841.77 至少2%；成交量>=20日均量2倍；不可長上影；隔日不跌破頸線；距離頸線>5%禁止進場,2026-09-30,True,True,STOP,STOP 停止進場,觀察,取消新進場，只保留觀察,只看續抱 / 減碼 / 停利 / 停損，不新增部位。,停止新進場，先保留現金，等待大盤止跌。,停止新進場，禁止顯示今日可進場。,False,False
2026-09-30,2026-09-30,MPWR,MPWR,1347.22,1361.44,1324.96,USD,收盤確認價,Yahoo Finance via yfinance（日K完整收盤資料）,只使用完整收盤日K，不使用盤中未完成K,1351.48,1315.85,1254.58,1310.24,1278.79,2.41,-0.65,False,465200,718760,0.65,40.2,下影線,False,False,False,False,0,False,只觀察,條件不足,接近成形,1387.46,1191.85,1641.09,接近成形＋可觀察,1415.21,1387.46,1415.21,1457.67,1345.84,0.1,低,-2.9,14.09,True,距離頸線或前高過遠，禁止追高,收盤站上頸線 1387.46 至少2%；成交量>=20日均量2倍；不可長上影；隔日不跌破頸線；距離頸線>5%禁止進場,2026-09-30,True,True,STOP,STOP 停止進場,觀察,取消新進場，只保留觀察,只看續抱 / 減碼 / 停利 / 停損，不新增部位。,停止新進場，先保留現金，等待大盤止跌。,停止新進場，禁止顯示今日可進場。,False,False
2026-09-30,2026-09-30,AMZN,AMZN,249.15,252.44,246.08,USD,收盤確認價,Yahoo Finance via yfinance（日K完整收盤資料）,只使用完整收盤日K，不使用盤中未完成K,248.2,250.86,252.35,254.77,241.11,2.27,1.01,False,41825700,34388765,1.22,10.34,一般K,False,False,False,False,0,False,只觀察,條件不足,接近成形,261.12,244.3,296.08,接近成形＋可觀察,266.34,261.12,266.34,274.33,253.29,-1.66,低,-4.58,13.25,True,距離頸線或前高過遠，禁止追高,收盤站上頸線 261.12 至少2%；成交量>=20日均量2倍；不可長上影；隔日不跌破頸線；距離頸線>5%禁止進場,2026-09-30,True,True,STOP,STOP 停止進場,觀察,取消新進場，只保留觀察,只看續抱 / 減碼 / 停利 / 停損，不新增部位。,停止新進場，先保留現金，等待大盤止跌。,停止新進場，禁止顯示今日可進場。,False,False
2026-09-30,2026-09-30,HOOD,HOOD,112.5,123.49,111.95,USD,收盤確認價,Yahoo Finance via yfinance（日K完整收盤資料）,只使用完整收盤日K，不使用盤中未完成K,117.08,118.53,116.34,105.72,94.38,-0.91,-3.2,False,34950100,23468275,1.49,16.6,長黑,False,False,False,False,0,False,只觀察,條件不足,接近成形,126.74,110.52,169.8,接近成形＋可觀察,129.27,126.74,129.27,133.15,122.94,-9.28,低,-11.24,11.24,True,距離頸線或前高過遠，禁止追高,收盤站上頸線 126.74 至少2%；成交量>=20日均量2倍；不可長上影；隔日不跌破頸線；距離頸線>5%禁止進場,2026-09-30,True,True,STOP,STOP 停止進場,觀察,取消新進場，只保留觀察,只看續抱 / 減碼 / 停利 / 停損，不新增部位。,停止新進場，先保留現金，等待大盤止跌。,停止新進場，禁止顯示今日可進場。,False,False
2026-09-30,2026-09-30,LRCX,LRCX,328.51,330.5,322.06,USD,收盤確認價,Yahoo Finance via yfinance（日K完整收盤資料）,只使用完整收盤日K，不使用盤中未完成K,317.84,306.71,300.09,309.42,273.25,-1.39,1.44,False,7685900,9357550,0.82,19.27,紅K突破,False,False,False,False,0,False,只觀察,條件不足,旗型整理突破,330.5,285.09,410.5,接近成形＋可觀察,337.11,330.5,337.11,347.22,320.58,2.41,低,-0.6,11.2,True,距離頸線或前高過遠，禁止追高,收盤站上頸線 330.5 至少2%；成交量>=20日均量2倍；不可長上影；隔日不跌破頸線；距離頸線>5%禁止進場,2026-09-30,True,True,STOP,STOP 停止進場,觀察,取消新進場，只保留觀察,只看續抱 / 減碼 / 停利 / 停損，不新增部位。,停止新進場，先保留現金，等待大盤止跌。,停止新進場，禁止顯示今日可進場。,False,False
2026-09-30,2026-09-30,FIX,FIX,1654.09,1677.78,1640.32,USD,收盤確認價,Yahoo Finance via yfinance（日K完整收盤資料）,只使用完整收盤日K，不使用盤中未完成K,1655.95,1638.87,1621.58,1672.66,1548.55,-1.83,-0.66,False,298700,313515,0.95,23.19,一般K,False,False,False,False,0,False,只觀察,條件不足,接近成形,1712.6,1540.5,1933.96,接近成形＋可觀察,1746.85,1712.6,1746.85,1799.26,1661.22,-0.43,低,-3.42,12.19,True,距離頸線或前高過遠，禁止追高,收盤站上頸線 1712.6 至少2%；成交量>=20日均量2倍；不可長上影；隔日不跌破頸線；距離頸線>5%禁止進場,2026-09-30,True,True,STOP,STOP 停止進場,觀察,取消新進場，只保留觀察,只看續抱 / 減碼 / 停利 / 停損，不新增部位。,停止新進場，先保留現金，等待大盤止跌。,停止新進場，禁止顯示今日可進場。,False,False
2026-09-30,2026-09-30,EME,EME,754.49,763.71,749.24,USD,收盤確認價,Yahoo Finance via yfinance（日K完整收盤資料）,只使用完整收盤日K，不使用盤中未完成K,759.24,754.16,752.62,770.11,771.17,-1.88,-0.99,False,405300,353920,1.15,12.11,一般K,False,False,False,False,0,False,只觀察,條件不足,旗型整理突破,782.6,723.87,896.38,接近成形＋可觀察,798.25,782.6,798.25,822.2,759.12,-0.61,低,-3.59,12.76,True,距離頸線或前高過遠，禁止追高,收盤站上頸線 782.6 至少2%；成交量>=20日均量2倍；不可長上影；隔日不跌破頸線；距離頸線>5%禁止進場,2026-09-30,True,True,STOP,STOP 停止進場,觀察,取消新進場，只保留觀察,只看續抱 / 減碼 / 停利 / 停損，不新增部位。,停止新進場，先保留現金，等待大盤止跌。,停止新進場，禁止顯示今日可進場。,False,False
2026-09-30,2026-09-30,ISRG,ISRG,406.63,410.74,405.51,USD,收盤確認價,Yahoo Finance via yfinance（日K完整收盤資料）,只使用完整收盤日K，不使用盤中未完成K,407.66,401.72,384.8,379.02,448.76,-2.04,-1.35,False,1658500,2439035,0.68,24.53,一般K,False,False,False,False,0,False,只觀察,條件不足,旗型整理突破,416.51,365.56,504.45,接近成形＋可觀察,424.84,416.51,424.84,437.59,404.01,0.64,中,-2.37,5.1,False,預備單，等待確認條件,收盤站上頸線 416.51 至少2%；成交量>=20日均量2倍；不可長上影；隔日不跌破頸線；距離頸線>5%禁止進場,2026-09-30,True,True,STOP,STOP 停止進場,觀察,取消新進場，只保留觀察,只看續抱 / 減碼 / 停利 / 停損，不新增部位。,停止新進場，先保留現金，等待大盤止跌。,停止新進場，禁止顯示今日可進場。,False,False
2026-09-30,2026-09-30,ORCL,ORCL,137.3,138.5,134.75,USD,收盤確認價,Yahoo Finance via yfinance（日K完整收盤資料）,只使用完整收盤日K，不使用盤中未完成K,136.87,142.48,146.95,141.02,163.36,-2.27,-0.36,False,22263000,35587515,0.63,18.68,紅K突破,False,False,False,False,0,False,只觀察,條件不足,接近成形,170.7,139.61,226.9,接近成形＋可觀察,174.11,170.7,174.11,179.34,165.58,-20.6,低,-19.57,19.57,True,距離頸線或前高過遠，禁止追高,收盤站上頸線 170.7 至少2%；成交量>=20日均量2倍；不可長上影；隔日不跌破頸線；距離頸線>5%禁止進場,2026-09-30,True,True,STOP,STOP 停止進場,觀察,取消新進場，只保留觀察,只看續抱 / 減碼 / 停利 / 停損，不新增部位。,停止新進場，先保留現金，等待大盤止跌。,停止新進場，禁止顯示今日可進場。,False,False
2026-09-30,2026-09-30,IONQ,IONQ,43.86,47.33,43.81,USD,收盤確認價,Yahoo Finance via yfinance（日K完整收盤資料）,只使用完整收盤日K，不使用盤中未完成K,44.56,42.61,40.29,39.99,43.5,-2.71,-0.11,False,25465000,24332840,1.05,26.41,一般K,False,False,False,False,0,False,只觀察,條件不足,旗型整理突破,47.91,38.28,64.01,接近成形＋可觀察,48.87,47.91,48.87,50.33,46.47,-5.96,中,-8.45,8.52,False,預備單，等待確認條件,收盤站上頸線 47.91 至少2%；成交量>=20日均量2倍；不可長上影；隔日不跌破頸線；距離頸線>5%禁止進場,2026-09-30,True,True,STOP,STOP 停止進場,觀察,取消新進場，只保留觀察,只看續抱 / 減碼 / 停利 / 停損，不新增部位。,停止新進場，先保留現金，等待大盤止跌。,停止新進場，禁止顯示今日可進場。,False,False
2026-09-30,2026-09-30,MDB,MDB,348.61,370.43,339.93,USD,收盤確認價,Yahoo Finance via yfinance（日K完整收盤資料）,只使用完整收盤日K，不使用盤中未完成K,370.46,389.26,380.4,378.83,343.49,-3.0,3.39,False,6247500,3363360,1.86,26.23,一般K,False,False,False,False,0,False,只觀察,條件不足,接近成形,439.75,361.38,587.71,接近成形＋可觀察,448.55,439.75,448.55,462.0,426.56,-22.36,低,-20.73,26.31,True,距離頸線或前高過遠，禁止追高,收盤站上頸線 439.75 至少2%；成交量>=20日均量2倍；不可長上影；隔日不跌破頸線；距離頸線>5%禁止進場,2026-09-30,True,True,STOP,STOP 停止進場,觀察,取消新進場，只保留觀察,只看續抱 / 減碼 / 停利 / 停損，不新增部位。,停止新進場，先保留現金，等待大盤止跌。,停止新進場，禁止顯示今日可進場。,False,False
2026-09-30,2026-09-30,MELI,MELI,1728.53,1739.88,1690.07,USD,收盤確認價,Yahoo Finance via yfinance（日K完整收盤資料）,只使用完整收盤日K，不使用盤中未完成K,1734.52,1773.15,1844.13,1860.16,1840.62,-4.47,0.21,False,687100,635780,1.08,43.4,下影線,False,False,False,False,0,False,只觀察,條件不足,接近成形,2066.0,1751.92,2446.45,接近成形＋可觀察,2107.32,2066.0,2107.32,2170.54,2004.02,-15.94,低,-16.33,16.33,True,距離頸線或前高過遠，禁止追高,收盤站上頸線 2066.0 至少2%；成交量>=20日均量2倍；不可長上影；隔日不跌破頸線；距離頸線>5%禁止進場,2026-09-30,True,True,STOP,STOP 停止進場,觀察,取消新進場，只保留觀察,只看續抱 / 減碼 / 停利 / 停損，不新增部位。,停止新進場，先保留現金，等待大盤止跌。,停止新進場，禁止顯示今日可進場。,False,False
2026-09-30,2026-09-30,LLY,LLY,1157.08,1215.0,1155.27,USD,收盤確認價,Yahoo Finance via yfinance（日K完整收盤資料）,只使用完整收盤日K，不使用盤中未完成K,1178.37,1168.32,1152.56,1177.98,1072.8,-4.83,-2.33,False,3407700,2294185,1.49,41.67,一般K,False,False,False,False,0,False,只觀察,條件不足,接近成形,1215.0,1113.29,1320.85,接近成形＋可觀察,1239.3,1215.0,1239.3,1276.48,1178.55,-1.86,低,-4.77,10.49,True,距離頸線或前高過遠，禁止追高,收盤站上頸線 1215.0 至少2%；成交量>=20日均量2倍；不可長上影；隔日不跌破頸線；距離頸線>5%禁止進場,2026-09-30,True,True,STOP,STOP 停止進場,觀察,取消新進場，只保留觀察,只看續抱 / 減碼 / 停利 / 停損，不新增部位。,停止新進場，先保留現金，等待大盤止跌。,停止新進場，禁止顯示今日可進場。,False,False
2026-09-30,2026-09-30,GOOGL,GOOGL,344.08,352.6,340.99,USD,收盤確認價,Yahoo Finance via yfinance（日K完整收盤資料）,只使用完整收盤日K，不使用盤中未完成K,342.81,345.49,342.51,345.96,338.6,-4.93,0.93,False,37196700,26676250,1.39,24.05,一般K,False,False,False,False,0,False,只觀察,條件不足,接近成形,364.17,327.74,413.44,接近成形＋可觀察,371.45,364.17,371.45,382.6,353.24,-2.66,低,-5.52,10.51,True,距離頸線或前高過遠，禁止追高,收盤站上頸線 364.17 至少2%；成交量>=20日均量2倍；不可長上影；隔日不跌破頸線；距離頸線>5%禁止進場,2026-09-30,True,True,STOP,STOP 停止進場,觀察,取消新進場，只保留觀察,只看續抱 / 減碼 / 停利 / 停損，不新增部位。,停止新進場，先保留現金，等待大盤止跌。,停止新進場，禁止顯示今日可進場。,False,False
2026-09-30,2026-09-30,URI,URI,1000.78,1031.04,1000.18,USD,收盤確認價,Yahoo Finance via yfinance（日K完整收盤資料）,只使用完整收盤日K，不使用盤中未完成K,1025.59,1024.94,1012.21,1065.01,945.37,-6.6,-1.36,False,679000,475000,1.43,23.8,一般K,False,False,False,False,0,False,只觀察,條件不足,接近成形,1056.99,967.58,1146.4,接近成形＋可觀察,1078.13,1056.99,1078.13,1110.47,1025.28,-2.45,低,-5.32,15.13,True,距離頸線或前高過遠，禁止追高,收盤站上頸線 1056.99 至少2%；成交量>=20日均量2倍；不可長上影；隔日不跌破頸線；距離頸線>5%禁止進場,2026-09-30,True,True,STOP,STOP 停止進場,觀察,取消新進場，只保留觀察,只看續抱 / 減碼 / 停利 / 停損，不新增部位。,停止新進場，先保留現金，等待大盤止跌。,停止新進場，禁止顯示今日可進場。,False,False
2026-09-30,2026-09-30,UBER,UBER,68.51,69.97,68.5,USD,收盤確認價,Yahoo Finance via yfinance（日K完整收盤資料）,只使用完整收盤日K，不使用盤中未完成K,68.97,69.64,71.4,73.11,74.89,-6.92,-1.23,False,15593100,18860195,0.83,58.87,一般K,False,False,False,False,0,False,只觀察,條件不足,接近成形,78.35,67.83,91.3,接近成形＋可觀察,79.92,78.35,79.92,82.32,76.0,-10.94,低,-12.56,16.82,True,距離頸線或前高過遠，禁止追高,收盤站上頸線 78.35 至少2%；成交量>=20日均量2倍；不可長上影；隔日不跌破頸線；距離頸線>5%禁止進場,2026-09-30,True,True,STOP,STOP 停止進場,觀察,取消新進場，只保留觀察,只看續抱 / 減碼 / 停利 / 停損，不新增部位。,停止新進場，先保留現金，等待大盤止跌。,停止新進場，禁止顯示今日可進場。,False,False
2026-09-30,2026-09-30,TXN,TXN,280.09,283.5,279.22,USD,收盤確認價,Yahoo Finance via yfinance（日K完整收盤資料）,只使用完整收盤日K，不使用盤中未完成K,277.76,272.85,266.56,275.14,247.72,-7.05,-0.57,False,3959000,5833850,0.68,24.29,一般K,False,False,False,False,0,False,只觀察,條件不足,接近成形,284.39,253.23,320.65,接近成形＋可觀察,290.08,284.39,290.08,298.78,275.86,1.51,低,-1.51,11.18,True,距離頸線或前高過遠，禁止追高,收盤站上頸線 284.39 至少2%；成交量>=20日均量2倍；不可長上影；隔日不跌破頸線；距離頸線>5%禁止進場,2026-09-30,True,True,STOP,STOP 停止進場,觀察,取消新進場，只保留觀察,只看續抱 / 減碼 / 停利 / 停損，不新增部位。,停止新進場，先保留現金，等待大盤止跌。,停止新進場，禁止顯示今日可進場。,False,False
2026-09-30,2026-09-30,SE,SE,97.36,99.18,97.0,USD,收盤確認價,Yahoo Finance via yfinance（日K完整收盤資料）,只使用完整收盤日K，不使用盤中未完成K,99.03,100.78,104.83,110.1,103.17,-7.55,-1.28,False,4216500,3528365,1.2,59.45,一般K,False,False,False,False,0,False,只觀察,條件不足,接近成形,114.9,99.59,133.44,接近成形＋可觀察,117.2,114.9,117.2,120.71,111.45,-14.48,低,-15.27,26.21,True,距離頸線或前高過遠，禁止追高,收盤站上頸線 114.9 至少2%；成交量>=20日均量2倍；不可長上影；隔日不跌破頸線；距離頸線>5%禁止進場,2026-09-30,True,True,STOP,STOP 停止進場,觀察,取消新進場，只保留觀察,只看續抱 / 減碼 / 停利 / 停損，不新增部位。,停止新進場，先保留現金，等待大盤止跌。,停止新進場，禁止顯示今日可進場。,False,False
2026-09-30,2026-09-30,NFLX,NFLX,69.58,70.3,69.51,USD,收盤確認價,Yahoo Finance via yfinance（日K完整收盤資料）,只使用完整收盤日K，不使用盤中未完成K,70.4,71.6,75.02,75.1,84.34,-7.95,-1.02,False,36350700,34097940,1.07,29.72,一般K,False,False,False,False,0,False,只觀察,條件不足,接近成形,83.6,71.27,102.12,接近成形＋可觀察,85.27,83.6,85.27,87.83,81.09,-16.54,低,-16.77,16.77,True,距離頸線或前高過遠，禁止追高,收盤站上頸線 83.6 至少2%；成交量>=20日均量2倍；不可長上影；隔日不跌破頸線；距離頸線>5%禁止進場,2026-09-30,True,True,STOP,STOP 停止進場,觀察,取消新進場，只保留觀察,只看續抱 / 減碼 / 停利 / 停損，不新增部位。,停止新進場，先保留現金，等待大盤止跌。,停止新進場，禁止顯示今日可進場。,False,False
2026-09-30,2026-09-30,AVGO,AVGO,351.19,357.9,350.69,USD,收盤確認價,Yahoo Finance via yfinance（日K完整收盤資料）,只使用完整收盤日K，不使用盤中未完成K,351.81,354.61,355.38,376.98,367.5,-9.65,-1.1,False,19694200,27529945,0.72,21.28,一般K,False,False,False,False,0,False,只觀察,條件不足,接近成形,372.7,337.62,409.59,接近成形＋可觀察,380.15,372.7,380.15,391.56,361.52,-2.94,低,-5.77,18.84,True,距離頸線或前高過遠，禁止追高,收盤站上頸線 372.7 至少2%；成交量>=20日均量2倍；不可長上影；隔日不跌破頸線；距離頸線>5%禁止進場,2026-09-30,True,True,STOP,STOP 停止進場,觀察,取消新進場，只保留觀察,只看續抱 / 減碼 / 停利 / 停損，不新增部位。,停止新進場，先保留現金，等待大盤止跌。,停止新進場，禁止顯示今日可進場。,False,False
2026-09-30,2026-09-30,TSLA,TSLA,354.81,355.22,345.88,USD,收盤確認價,Yahoo Finance via yfinance（日K完整收盤資料）,只使用完整收盤日K，不使用盤中未完成K,363.03,367.99,365.3,354.37,394.23,-9.96,0.56,False,39158100,38673685,1.01,19.09,紅K突破,False,False,False,False,0,False,只觀察,條件不足,接近成形,386.83,347.03,476.28,接近成形＋可觀察,394.57,386.83,394.57,406.4,375.23,-5.75,低,-8.28,14.12,True,距離頸線或前高過遠，禁止追高,收盤站上頸線 386.83 至少2%；成交量>=20日均量2倍；不可長上影；隔日不跌破頸線；距離頸線>5%禁止進場,2026-09-30,True,True,STOP,STOP 停止進場,觀察,取消新進場，只保留觀察,只看續抱 / 減碼 / 停利 / 停損，不新增部位。,停止新進場，先保留現金，等待大盤止跌。,停止新進場，禁止顯示今日可進場。,False,False
2026-09-30,2026-09-30,AMAT,AMAT,511.38,515.42,506.78,USD,收盤確認價,Yahoo Finance via yfinance（日K完整收盤資料）,只使用完整收盤日K，不使用盤中未完成K,493.88,474.25,459.22,501.59,424.91,-10.36,-0.12,False,6255000,6355165,0.98,22.51,一般K,False,False,False,False,0,False,只觀察,條件不足,接近成形,515.42,436.26,619.33,接近成形＋可觀察,525.73,515.42,525.73,541.5,499.96,2.23,低,-0.78,18.83,True,距離頸線或前高過遠，禁止追高,收盤站上頸線 515.42 至少2%；成交量>=20日均量2倍；不可長上影；隔日不跌破頸線；距離頸線>5%禁止進場,2026-09-30,True,True,STOP,STOP 停止進場,觀察,取消新進場，只保留觀察,只看續抱 / 減碼 / 停利 / 停損，不新增部位。,停止新進場，先保留現金，等待大盤止跌。,停止新進場，禁止顯示今日可進場。,False,False
2026-09-30,2026-09-30,GEV,GEV,950.49,971.99,947.42,USD,收盤確認價,Yahoo Finance via yfinance（日K完整收盤資料）,只使用完整收盤日K，不使用盤中未完成K,955.08,948.9,939.05,982.43,914.39,-11.25,-1.25,False,1752400,2103420,0.83,9.77,一般K,False,False,False,False,0,False,只觀察,條件不足,接近成形,983.34,892.09,1098.43,接近成形＋可觀察,1003.01,983.34,1003.01,1033.1,953.84,-0.35,低,-3.34,16.7,True,距離頸線或前高過遠，禁止追高,收盤站上頸線 983.34 至少2%；成交量>=20日均量2倍；不可長上影；隔日不跌破頸線；距離頸線>5%禁止進場,2026-09-30,True,True,STOP,STOP 停止進場,觀察,取消新進場，只保留觀察,只看續抱 / 減碼 / 停利 / 停損，不新增部位。,停止新進場，先保留現金，等待大盤止跌。,停止新進場，禁止顯示今日可進場。,False,False
2026-09-30,2026-09-30,SOFI,SOFI,15.72,16.17,15.71,USD,收盤確認價,Yahoo Finance via yfinance（日K完整收盤資料）,只使用完整收盤日K，不使用盤中未完成K,16.19,16.53,17.07,17.56,19.05,-11.34,-1.19,False,40844400,44900785,0.91,21.52,一般K,False,False,False,False,0,False,只觀察,條件不足,接近成形,18.71,16.21,22.54,接近成形＋可觀察,19.08,18.71,19.08,19.66,18.15,-15.45,低,-15.98,20.36,True,距離頸線或前高過遠，禁止追高,收盤站上頸線 18.71 至少2%；成交量>=20日均量2倍；不可長上影；隔日不跌破頸線；距離頸線>5%禁止進場,2026-09-30,True,True,STOP,STOP 停止進場,觀察,取消新進場，只保留觀察,只看續抱 / 減碼 / 停利 / 停損，不新增部位。,停止新進場，先保留現金，等待大盤止跌。,停止新進場，禁止顯示今日可進場。,False,False
2026-09-30,2026-09-30,SOUN,SOUN,6.02,6.15,5.9,USD,收盤確認價,Yahoo Finance via yfinance（日K完整收盤資料）,只使用完整收盤日K，不使用盤中未完成K,5.97,6.01,6.22,6.59,7.85,-11.47,3.08,False,17295500,19762500,0.88,40.37,一般K,False,False,False,False,0,False,只觀察,條件不足,接近成形,7.07,5.91,8.49,接近成形＋可觀察,7.21,7.07,7.21,7.43,6.86,-13.92,低,-14.85,26.5,True,距離頸線或前高過遠，禁止追高,收盤站上頸線 7.07 至少2%；成交量>=20日均量2倍；不可長上影；隔日不跌破頸線；距離頸線>5%禁止進場,2026-09-30,True,True,STOP,STOP 停止進場,觀察,取消新進場，只保留觀察,只看續抱 / 減碼 / 停利 / 停損，不新增部位。,停止新進場，先保留現金，等待大盤止跌。,停止新進場，禁止顯示今日可進場。,False,False
2026-09-30,2026-09-30,KLAC,KLAC,194.93,197.6,193.95,USD,收盤確認價,Yahoo Finance via yfinance（日K完整收盤資料）,只使用完整收盤日K，不使用盤中未完成K,191.13,186.18,181.34,193.4,176.98,-11.87,-0.81,False,6852100,9419420,0.73,17.72,一般K,False,False,False,False,0,False,只觀察,條件不足,接近成形,197.6,172.27,229.31,接近成形＋可觀察,201.55,197.6,201.55,207.6,191.67,1.67,低,-1.35,21.24,True,距離頸線或前高過遠，禁止追高,收盤站上頸線 197.6 至少2%；成交量>=20日均量2倍；不可長上影；隔日不跌破頸線；距離頸線>5%禁止進場,2026-09-30,True,True,STOP,STOP 停止進場,觀察,取消新進場，只保留觀察,只看續抱 / 減碼 / 停利 / 停損，不新增部位。,停止新進場，先保留現金，等待大盤止跌。,停止新進場，禁止顯示今日可進場。,False,False
2026-09-30,2026-09-30,UNH,UNH,367.08,374.93,365.72,USD,收盤確認價,Yahoo Finance via yfinance（日K完整收盤資料）,只使用完整收盤日K，不使用盤中未完成K,374.29,374.54,381.96,401.11,356.08,-13.75,-2.1,False,4788300,5159395,0.93,52.94,一般K,False,False,False,False,0,False,只觀察,條件不足,接近成形,406.53,365.72,447.34,接近成形＋可觀察,414.66,406.53,414.66,427.1,394.33,-7.42,低,-9.7,20.48,True,距離頸線或前高過遠，禁止追高,收盤站上頸線 406.53 至少2%；成交量>=20日均量2倍；不可長上影；隔日不跌破頸線；距離頸線>5%禁止進場,2026-09-30,True,True,STOP,STOP 停止進場,觀察,取消新進場，只保留觀察,只看續抱 / 減碼 / 停利 / 停損，不新增部位。,停止新進場，先保留現金，等待大盤止跌。,停止新進場，禁止顯示今日可進場。,False,False
2026-09-30,2026-09-30,CAT,CAT,810.79,831.95,810.07,USD,收盤確認價,Yahoo Finance via yfinance（日K完整收盤資料）,只使用完整收盤日K，不使用盤中未完成K,816.84,812.83,807.33,840.24,792.67,-14.48,-1.92,False,1959800,2344075,0.84,13.19,一般K,False,False,False,False,0,False,只觀察,條件不足,接近成形,831.95,771.39,892.51,接近成形＋可觀察,848.59,831.95,848.59,874.05,806.99,0.47,低,-2.54,17.53,True,距離頸線或前高過遠，禁止追高,收盤站上頸線 831.95 至少2%；成交量>=20日均量2倍；不可長上影；隔日不跌破頸線；距離頸線>5%禁止進場,2026-09-30,True,True,STOP,STOP 停止進場,接近目標,取消新進場，只保留觀察,只看續抱 / 減碼 / 停利 / 停損，不新增部位。,停止新進場，先保留現金，等待大盤止跌。,停止新進場，禁止顯示今日可進場。,False,False
2026-09-30,2026-09-30,WDC,WDC,454.46,463.89,446.24,USD,收盤確認價,Yahoo Finance via yfinance（日K完整收盤資料）,只使用完整收盤日K，不使用盤中未完成K,453.66,452.0,450.07,481.14,397.38,-17.42,0.22,False,6946300,6680815,1.04,14.78,下影線,False,False,False,False,0,False,只觀察,條件不足,接近成形,495.49,427.57,583.86,接近成形＋可觀察,505.4,495.49,505.4,520.56,480.63,-5.76,低,-8.28,24.45,True,距離頸線或前高過遠，禁止追高,收盤站上頸線 495.49 至少2%；成交量>=20日均量2倍；不可長上影；隔日不跌破頸線；距離頸線>5%禁止進場,2026-09-30,True,True,STOP,STOP 停止進場,觀察,取消新進場，只保留觀察,只看續抱 / 減碼 / 停利 / 停損，不新增部位。,停止新進場，先保留現金，等待大盤止跌。,停止新進場，禁止顯示今日可進場。,False,False
2026-09-30,2026-09-30,BBAI,BBAI,2.65,2.78,2.65,USD,收盤確認價,Yahoo Finance via yfinance（日K完整收盤資料）,只使用完整收盤日K，不使用盤中未完成K,2.71,2.78,2.83,2.98,4.0,-19.94,0.0,False,11672000,14189285,0.82,38.65,一般K,False,False,False,False,0,False,只觀察,條件不足,接近成形,3.06,2.69,3.53,接近成形＋可觀察,3.12,3.06,3.12,3.21,2.97,-12.01,低,-13.4,23.19,True,距離頸線或前高過遠，禁止追高,收盤站上頸線 3.06 至少2%；成交量>=20日均量2倍；不可長上影；隔日不跌破頸線；距離頸線>5%禁止進場,2026-09-30,True,True,STOP,STOP 停止進場,觀察,取消新進場，只保留觀察,只看續抱 / 減碼 / 停利 / 停損，不新增部位。,停止新進場，先保留現金，等待大盤止跌。,停止新進場，禁止顯示今日可進場。,False,False
2026-09-30,2026-09-30,NVO,NVO,37.91,38.77,37.89,USD,收盤確認價,Yahoo Finance via yfinance（日K完整收盤資料）,只使用完整收盤日K，不使用盤中未完成K,38.47,39.61,42.08,45.88,45.78,-22.46,-1.04,False,21387900,14017555,1.53,53.29,一般K,False,False,False,False,0,False,只觀察,條件不足,接近成形,48.0,39.97,58.11,接近成形＋可觀察,48.96,48.0,48.96,50.43,46.56,-22.82,低,-21.02,27.26,True,距離頸線或前高過遠，禁止追高,收盤站上頸線 48.0 至少2%；成交量>=20日均量2倍；不可長上影；隔日不跌破頸線；距離頸線>5%禁止進場,2026-09-30,True,True,STOP,STOP 停止進場,觀察,取消新進場，只保留觀察,只看續抱 / 減碼 / 停利 / 停損，不新增部位。,停止新進場，先保留現金，等待大盤止跌。,停止新進場，禁止顯示今日可進場。,False,False
2026-09-30,2026-09-30,RBLX,RBLX,42.37,42.87,40.75,USD,收盤確認價,Yahoo Finance via yfinance（日K完整收盤資料）,只使用完整收盤日K，不使用盤中未完成K,44.14,46.61,46.04,44.61,55.85,-23.13,2.89,False,15726000,11792425,1.33,50.43,紅K突破,False,False,False,False,0,False,只觀察,條件不足,接近成形,51.96,43.74,70.04,接近成形＋可觀察,53.0,51.96,53.0,54.59,50.4,-18.95,低,-18.46,27.07,True,距離頸線或前高過遠，禁止追高,收盤站上頸線 51.96 至少2%；成交量>=20日均量2倍；不可長上影；隔日不跌破頸線；距離頸線>5%禁止進場,2026-09-30,True,True,STOP,STOP 停止進場,觀察,取消新進場，只保留觀察,只看續抱 / 減碼 / 停利 / 停損，不新增部位。,停止新進場，先保留現金，等待大盤止跌。,停止新進場，禁止顯示今日可進場。,False,False
2026-09-30,2026-09-30,VRT,VRT,241.31,250.82,241.27,USD,收盤確認價,Yahoo Finance via yfinance（日K完整收盤資料）,只使用完整收盤日K，不使用盤中未完成K,246.45,247.62,252.63,270.0,263.73,-24.07,-2.83,False,4163300,5340390,0.78,21.6,一般K,False,False,False,False,0,False,只觀察,條件不足,接近成形,295.34,240.0,369.76,接近成形＋可觀察,301.25,295.34,301.25,310.28,286.48,-18.72,低,-18.29,28.79,True,距離頸線或前高過遠，禁止追高,收盤站上頸線 295.34 至少2%；成交量>=20日均量2倍；不可長上影；隔日不跌破頸線；距離頸線>5%禁止進場,2026-09-30,True,True,STOP,STOP 停止進場,觀察,取消新進場，只保留觀察,只看續抱 / 減碼 / 停利 / 停損，不新增部位。,停止新進場，先保留現金，等待大盤止跌。,停止新進場，禁止顯示今日可進場。,False,False
2026-09-30,2026-09-30,APP,APP,290.43,303.17,290.36,USD,收盤確認價,Yahoo Finance via yfinance（日K完整收盤資料）,只使用完整收盤日K，不使用盤中未完成K,305.51,313.14,316.62,356.73,460.2,-44.38,-4.98,False,6573300,4842425,1.36,29.18,一般K,False,False,False,False,0,False,只觀察,條件不足,接近成形,338.34,300.79,386.32,接近成形＋可觀察,345.11,338.34,345.11,355.46,328.19,-13.0,低,-14.16,45.62,True,距離頸線或前高過遠，禁止追高,收盤站上頸線 338.34 至少2%；成交量>=20日均量2倍；不可長上影；隔日不跌破頸線；距離頸線>5%禁止進場,2026-09-30,True,True,STOP,STOP 停止進場,觀察,取消新進場，只保留觀察,只看續抱 / 減碼 / 停利 / 停損，不新增部位。,停止新進場，先保留現金，等待大盤止跌。,停止新進場，禁止顯示今日可進場。,False,False
